AA,AP,AE,ASucc%,AP/S,BAA,BAP,BAE,BASucc%,BP,BP/S,SVA,SVP,SVE,SVx,SVEff%,RA,Rx,Rg,RSucc%,MatchNo.,Date,Year,Month,Day,Place,Venue,Team,Op.Team,Director,Coach,Win Set,Lose Set,Total Set,Win Lose,Game time,Home Away,OpAA,OpAP,OpAE,OpASucc%,OpAP/S,OpBAA,OpBAP,OpBAE,OpBASucc%,OpBP,OpBP/S,OpSVA,OpSVP,OpSVE,OpSVx,OpSVEff%,OpRA,OpRx,OpRg,OpRSucc%
122,44,4,36.1,14.67,8,1,0,12.5,15,5.00,73,3,3,31,14.5,45,24.0,0.0,53.3,851,2014-11-15,2014,11,15,,上天草市大矢野総合体育館,PFUブルーキャッツ,仙台ベルフィーユ,寺廻太,金子健太郎,3,0,3,Win,75,Home,144,38,4,26.4,12.67,1,0,0,0.0,0,0.00,51,3,6,18,13.5,68,36.0,0.0,52.9
144,38,4,26.4,12.67,1,0,0,0.0,0,0.00,51,3,6,18,13.5,68,36.0,0.0,52.9,851,2014-11-15,2014,11,15,,上天草市大矢野総合体育館,仙台ベルフィーユ,PFUブルーキャッツ,葛和伸元,,0,3,3,Lose,75,Away,122,44,4,36.1,14.67,8,1,0,12.5,15,5.00,73,3,3,31,14.5,45,24.0,0.0,53.3
85,22,10,25.9,7.33,7,2,1,28.6,4,1.33,37,0,3,11,7.4,66,32.0,0.0,48.5,852,2014-11-15,2014,11,15,,上天草市大矢野総合体育館,フォレストリーヴズ熊本,JTマーヴェラス,中島裕二,福田みつ子,0,3,3,Lose,64,Home,98,47,5,48.0,15.67,7,2,1,28.6,8,2.67,74,5,5,30,15.8,34,23.0,0.0,67.6
98,47,5,48.0,15.67,7,2,1,28.6,8,2.67,74,5,5,30,15.8,34,23.0,0.0,67.6,852,2014-11-15,2014,11,15,,上天草市大矢野総合体育館,JTマーヴェラス,フォレストリーヴズ熊本,尾崎侯,北原勉,3,0,3,Win,64,Away,85,22,10,25.9,7.33,7,2,1,28.6,4,1.33,37,0,3,11,7.4,66,32.0,0.0,48.5
180,66,10,36.7,16.50,11,4,1,36.4,3,0.75,91,3,7,26,10.2,80,48.0,0.0,60.0,853,2014-11-16,2014,11,16,,宇城市松橋総合体育文化センター,GSS東京サンビームズ,トヨタ自動車ヴァルキューレ,笛木彰,,3,1,4,Win,105,Home,174,56,11,32.2,14.00,5,2,2,40.0,7,1.75,86,2,5,31,11.1,82,55.0,0.0,67.1
174,56,11,32.2,14.00,5,2,2,40.0,7,1.75,86,2,5,31,11.1,82,55.0,0.0,67.1,853,2014-11-16,2014,11,16,,宇城市松橋総合体育文化センター,トヨタ自動車ヴァルキューレ,GSS東京サンビームズ,加藤信也,金子健一郎,1,3,4,Lose,105,Away,180,66,10,36.7,16.50,11,4,1,36.4,3,0.75,91,3,7,26,10.2,80,48.0,0.0,60.0
114,51,3,44.7,17.00,3,0,0,0.0,8,2.67,73,0,2,25,8.6,56,27.0,0.0,48.2,854,2014-11-16,2014,11,16,,宇城市松橋総合体育文化センター,仙台ベルフィーユ,フォレストリーヴズ熊本,葛和伸元,,3,0,3,Win,76,Home,138,46,10,33.3,15.33,1,0,0,0.0,3,1.00,62,2,5,27,13.5,71,46.0,0.0,64.8
138,46,10,33.3,15.33,1,0,0,0.0,3,1.00,62,2,5,27,13.5,71,46.0,0.0,64.8,854,2014-11-16,2014,11,16,,宇城市松橋総合体育文化センター,フォレストリーヴズ熊本,仙台ベルフィーユ,中島裕二,福田みつ子,0,3,3,Lose,76,Away,114,51,3,44.7,17.00,3,0,0,0.0,8,2.67,73,0,2,25,8.6,56,27.0,0.0,48.2
185,71,3,38.4,17.75,7,2,1,28.6,2,0.50,91,0,4,28,7.7,88,56.0,0.0,63.6,855,2014-11-22,2014,11,22,,柏市中央体育館,JAぎふリオレーナ,大野石油広島オイラーズ,椿本真恵,,1,3,4,Lose,114,Home,178,69,8,38.8,17.25,2,1,0,50.0,10,2.50,92,5,3,28,12.2,87,59.0,0.0,67.8
178,69,8,38.8,17.25,2,1,0,50.0,10,2.50,92,5,3,28,12.2,87,59.0,0.0,67.8,855,2014-11-22,2014,11,22,,柏市中央体育館,大野石油広島オイラーズ,JAぎふリオレーナ,豆田憲昭,鈴木輝,3,1,4,Win,114,Away,185,71,3,38.4,17.75,7,2,1,28.6,2,0.50,91,0,4,28,7.7,88,56.0,0.0,63.6
143,50,8,35.0,16.67,7,3,1,42.9,2,0.67,70,2,6,17,8.4,70,49.0,0.0,70.0,856,2014-11-22,2014,11,22,,柏市中央体育館,柏エンゼルクロス,KUROBEアクアフェアリーズ,岩下忠正,飯田功也,0,3,3,Lose,86,Home,130,53,7,40.8,17.67,4,0,0,0.0,7,2.33,75,1,5,20,7.7,64,45.0,0.0,70.3
130,53,7,40.8,17.67,4,0,0,0.0,7,2.33,75,1,5,20,7.7,64,45.0,0.0,70.3,856,2014-11-22,2014,11,22,,柏市中央体育館,KUROBEアクアフェアリーズ,柏エンゼルクロス,米山弘,,3,0,3,Win,86,Away,143,50,8,35.0,16.67,7,3,1,42.9,2,0.67,70,2,6,17,8.4,70,49.0,0.0,70.0
190,58,16,30.5,14.50,11,1,2,9.1,19,4.75,91,3,5,17,7.5,86,61.0,0.0,70.9,857,2014-11-23,2014,11,23,,柏市中央体育館,KUROBEアクアフェアリーズ,JAぎふリオレーナ,米山弘,,3,1,4,Win,114,Home,189,61,7,32.3,15.25,7,2,0,28.6,4,1.00,91,2,5,23,8.1,85,66.0,0.0,77.6
189,61,7,32.3,15.25,7,2,0,28.6,4,1.00,91,2,5,23,8.1,85,66.0,0.0,77.6,857,2014-11-23,2014,11,23,,柏市中央体育館,JAぎふリオレーナ,KUROBEアクアフェアリーズ,椿本真恵,,1,3,4,Lose,114,Away,190,58,16,30.5,14.50,11,1,2,9.1,19,4.75,91,3,5,17,7.5,86,61.0,0.0,70.9
155,52,9,33.5,13.00,12,3,1,25.0,10,2.50,88,5,5,21,10.7,74,58.0,0.0,78.4,858,2014-11-23,2014,11,23,,柏市中央体育館,柏エンゼルクロス,大野石油広島オイラーズ,岩下忠正,飯田功也,3,1,4,Win,95,Home,165,58,9,35.2,14.50,4,2,0,50.0,5,1.25,83,4,8,13,8.0,82,57.0,0.0,69.5
165,58,9,35.2,14.50,4,2,0,50.0,5,1.25,83,4,8,13,8.0,82,57.0,0.0,69.5,858,2014-11-23,2014,11,23,,柏市中央体育館,大野石油広島オイラーズ,柏エンゼルクロス,豆田憲昭,鈴木輝,1,3,4,Lose,95,Away,155,52,9,33.5,13.00,12,3,1,25.0,10,2.50,88,5,5,21,10.7,74,58.0,0.0,78.4
103,23,10,22.3,7.67,4,2,0,50.0,2,0.67,40,0,8,8,5.0,62,30.0,0.0,48.4,859,2014-11-29,2014,11,29,,富谷スポーツセンター,GSS東京サンビームズ,PFUブルーキャッツ,笛木彰,,0,3,3,Lose,65,Home,82,35,5,42.7,11.67,7,1,1,14.3,14,4.67,74,6,8,30,17.7,32,24.0,0.0,75.0
82,35,5,42.7,11.67,7,1,1,14.3,14,4.67,74,6,8,30,17.7,32,24.0,0.0,75.0,859,2014-11-29,2014,11,29,,富谷スポーツセンター,PFUブルーキャッツ,GSS東京サンビームズ,寺廻太,金子健太郎,3,0,3,Win,65,Away,103,23,10,22.3,7.67,4,2,0,50.0,2,0.67,40,0,8,8,5.0,62,30.0,0.0,48.4
126,40,8,31.7,13.33,9,1,1,11.1,3,1.00,55,1,4,23,12.3,65,32.0,0.0,49.2,860,2014-11-29,2014,11,29,,富谷スポーツセンター,柏エンゼルクロス,仙台ベルフィーユ,岩下忠正,飯田功也,0,3,3,Lose,67,Home,109,49,1,45.0,16.33,4,0,0,0.0,7,2.33,73,5,6,30,16.3,50,27.0,0.0,54.0
109,49,1,45.0,16.33,4,0,0,0.0,7,2.33,73,5,6,30,16.3,50,27.0,0.0,54.0,860,2014-11-29,2014,11,29,,富谷スポーツセンター,仙台ベルフィーユ,柏エンゼルクロス,葛和伸元,,3,0,3,Win,67,Away,126,40,8,31.7,13.33,9,1,1,11.1,3,1.00,55,1,4,23,12.3,65,32.0,0.0,49.2
171,59,7,34.5,11.80,8,0,1,0.0,8,1.60,100,3,5,33,10.7,81,53.0,0.0,65.4,861,2014-11-29,2014,11,29,,猫田記念体育館,KUROBEアクアフェアリーズ,JTマーヴェラス,米山弘,武田一星,3,2,5,Win,121,Home,171,73,7,42.7,14.60,13,4,2,30.8,10,2.00,107,8,22,24,12.3,95,59.0,0.0,62.1
171,73,7,42.7,14.60,13,4,2,30.8,10,2.00,107,8,22,24,12.3,95,59.0,0.0,62.1,861,2014-11-29,2014,11,29,,猫田記念体育館,JTマーヴェラス,KUROBEアクアフェアリーズ,尾崎侯,北原勉,2,3,5,Lose,121,Away,171,59,7,34.5,11.80,8,0,1,0.0,8,1.60,100,3,5,33,10.7,81,53.0,0.0,65.4
112,22,9,19.6,7.33,5,2,1,40.0,3,1.00,45,2,1,11,9.7,65,39.0,0.0,60.0,862,2014-11-29,2014,11,29,,猫田記念体育館,トヨタ自動車ヴァルキューレ,大野石油広島オイラーズ,加藤信也,金子健一郎,0,3,3,Lose,68,Home,118,49,7,41.5,16.33,5,1,1,20.0,8,2.67,73,3,7,24,11.8,44,31.0,0.0,70.5
118,49,7,41.5,16.33,5,1,1,20.0,8,2.67,73,3,7,24,11.8,44,31.0,0.0,70.5,862,2014-11-29,2014,11,29,,猫田記念体育館,大野石油広島オイラーズ,トヨタ自動車ヴァルキューレ,豆田憲昭,鈴木輝,3,0,3,Win,68,Away,112,22,9,19.6,7.33,5,2,1,40.0,3,1.00,45,2,1,11,9.7,65,39.0,0.0,60.0
125,32,14,25.6,10.67,12,4,2,33.3,8,2.67,56,1,5,18,9.5,66,39.0,0.0,59.1,863,2014-11-30,2014,11,30,,富谷スポーツセンター,柏エンゼルクロス,PFUブルーキャッツ,岩下忠正,飯田功也,0,3,3,Lose,70,Home,116,47,6,40.5,15.67,5,3,0,60.0,6,2.00,74,2,8,25,10.6,51,32.0,0.0,62.7
116,47,6,40.5,15.67,5,3,0,60.0,6,2.00,74,2,8,25,10.6,51,32.0,0.0,62.7,863,2014-11-30,2014,11,30,,富谷スポーツセンター,PFUブルーキャッツ,柏エンゼルクロス,寺廻太,金子健太郎,3,0,3,Win,70,Away,125,32,14,25.6,10.67,12,4,2,33.3,8,2.67,56,1,5,18,9.5,66,39.0,0.0,59.1
144,40,13,27.8,13.33,9,1,2,11.1,2,0.67,57,0,3,28,12.3,68,39.0,0.0,57.4,864,2014-11-30,2014,11,30,,富谷スポーツセンター,GSS東京サンビームズ,仙台ベルフィーユ,笛木彰,,0,3,3,Lose,79,Home,113,52,2,46.0,17.33,0,0,0,-,8,2.67,77,1,8,29,10.7,54,26.0,0.0,48.1
113,52,2,46.0,17.33,0,0,0,-,8,2.67,77,1,8,29,10.7,54,26.0,0.0,48.1,864,2014-11-30,2014,11,30,,富谷スポーツセンター,仙台ベルフィーユ,GSS東京サンビームズ,葛和伸元,,3,0,3,Win,79,Away,144,40,13,27.8,13.33,9,1,2,11.1,2,0.67,57,0,3,28,12.3,68,39.0,0.0,57.4
122,39,8,32.0,13.00,1,0,1,0.0,2,0.67,64,3,6,19,11.2,61,43.0,0.0,70.5,865,2014-11-30,2014,11,30,,猫田記念体育館,トヨタ自動車ヴァルキューレ,JTマーヴェラス,加藤信也,金子健一郎,0,3,3,Lose,76,Home,107,48,5,44.9,16.00,6,0,1,0.0,6,2.00,74,3,12,16,8.9,58,36.0,0.0,62.1
107,48,5,44.9,16.00,6,0,1,0.0,6,2.00,74,3,12,16,8.9,58,36.0,0.0,62.1,865,2014-11-30,2014,11,30,,猫田記念体育館,JTマーヴェラス,トヨタ自動車ヴァルキューレ,尾崎侯,北原勉,3,0,3,Win,76,Away,122,39,8,32.0,13.00,1,0,1,0.0,2,0.67,64,3,6,19,11.2,61,43.0,0.0,70.5
129,40,8,31.0,13.33,9,1,1,11.1,4,1.33,61,0,3,21,8.6,68,39.0,0.0,57.4,866,2014-11-30,2014,11,30,,猫田記念体育館,KUROBEアクアフェアリーズ,大野石油広島オイラーズ,米山弘,武田一星,0,3,3,Lose,82,Home,133,55,7,41.4,18.33,3,1,1,33.3,4,1.33,74,2,5,28,11.9,58,37.0,0.0,63.8
133,55,7,41.4,18.33,3,1,1,33.3,4,1.33,74,2,5,28,11.9,58,37.0,0.0,63.8,866,2014-11-30,2014,11,30,,猫田記念体育館,大野石油広島オイラーズ,KUROBEアクアフェアリーズ,豆田憲昭,鈴木輝,3,0,3,Win,82,Away,129,40,8,31.0,13.33,9,1,1,11.1,4,1.33,61,0,3,21,8.6,68,39.0,0.0,57.4
130,42,6,32.3,14.00,11,2,1,18.2,3,1.00,57,2,2,18,11.4,70,46.0,0.0,65.7,867,2014-12-20,2014,12,20,,元気フィールド仙台（仙台市新田東総合運動場）,JAぎふリオレーナ,PFUブルーキャッツ,椿本真恵,,0,3,3,Lose,71,Home,117,50,5,42.7,16.67,10,3,0,30.0,11,3.67,73,3,3,21,10.5,53,35.0,0.0,66.0
117,50,5,42.7,16.67,10,3,0,30.0,11,3.67,73,3,3,21,10.5,53,35.0,0.0,66.0,867,2014-12-20,2014,12,20,,元気フィールド仙台（仙台市新田東総合運動場）,PFUブルーキャッツ,JAぎふリオレーナ,寺廻太,金子健太郎,3,0,3,Win,71,Away,130,42,6,32.3,14.00,11,2,1,18.2,3,1.00,57,2,2,18,11.4,70,46.0,0.0,65.7
197,64,8,32.5,16.00,3,1,0,33.3,14,3.50,97,4,8,42,14.3,70,39.0,0.0,55.7,868,2014-12-20,2014,12,20,,元気フィールド仙台（仙台市新田東総合運動場）,大野石油広島オイラーズ,仙台ベルフィーユ,豆田憲昭,鈴木輝,3,1,4,Win,102,Home,182,40,6,22.0,10.00,2,0,0,0.0,9,2.25,74,2,3,30,12.6,88,43.0,0.0,48.9
182,40,6,22.0,10.00,2,0,0,0.0,9,2.25,74,2,3,30,12.6,88,43.0,0.0,48.9,868,2014-12-20,2014,12,20,,元気フィールド仙台（仙台市新田東総合運動場）,仙台ベルフィーユ,大野石油広島オイラーズ,葛和伸元,,1,3,4,Lose,102,Away,197,64,8,32.5,16.00,3,1,0,33.3,14,3.50,97,4,8,42,14.3,70,39.0,0.0,55.7
225,78,4,34.7,15.60,10,7,0,70.0,4,0.80,111,4,9,43,12.7,104,58.0,0.0,55.8,869,2014-12-20,2014,12,20,,岡崎中央総合公園総合体育館,トヨタ自動車ヴァルキューレ,柏エンゼルクロス,加藤信也,金子健一郎,3,2,5,Win,116,Home,211,74,16,35.1,14.80,8,1,1,12.5,14,2.80,111,3,7,43,11.8,101,55.0,0.0,54.5
211,74,16,35.1,14.80,8,1,1,12.5,14,2.80,111,3,7,43,11.8,101,55.0,0.0,54.5,869,2014-12-20,2014,12,20,,岡崎中央総合公園総合体育館,柏エンゼルクロス,トヨタ自動車ヴァルキューレ,岩下忠正,飯田功也,2,3,5,Lose,116,Away,225,78,4,34.7,15.60,10,7,0,70.0,4,0.80,111,4,9,43,12.7,104,58.0,0.0,55.8
178,70,11,39.3,17.50,9,3,3,33.3,7,1.75,96,4,4,40,13.7,85,45.0,0.0,52.9,870,2014-12-20,2014,12,20,,岡崎中央総合公園総合体育館,GSS東京サンビームズ,フォレストリーヴズ熊本,笛木彰,,3,1,4,Win,104,Home,181,56,9,30.9,14.00,1,1,0,100.0,12,3.00,93,2,6,40,12.9,92,48.0,0.0,52.2
181,56,9,30.9,14.00,1,1,0,100.0,12,3.00,93,2,6,40,12.9,92,48.0,0.0,52.2,870,2014-12-20,2014,12,20,,岡崎中央総合公園総合体育館,フォレストリーヴズ熊本,GSS東京サンビームズ,中島裕二,福田みつ子,1,3,4,Lose,104,Away,178,70,11,39.3,17.50,9,3,3,33.3,7,1.75,96,4,4,40,13.7,85,45.0,0.0,52.9
142,45,9,31.7,15.00,7,4,0,57.1,2,0.67,66,1,6,22,9.8,68,40.0,0.0,58.8,871,2014-12-21,2014,12,21,,元気フィールド仙台（仙台市新田東総合運動場）,大野石油広島オイラーズ,PFUブルーキャッツ,豆田憲昭,鈴木輝,0,3,3,Lose,78,Home,130,43,6,33.1,14.33,10,3,2,30.0,12,4.00,74,3,6,25,11.7,59,37.0,0.0,62.7
130,43,6,33.1,14.33,10,3,2,30.0,12,4.00,74,3,6,25,11.7,59,37.0,0.0,62.7,871,2014-12-21,2014,12,21,,元気フィールド仙台（仙台市新田東総合運動場）,PFUブルーキャッツ,大野石油広島オイラーズ,寺廻太,金子健太郎,3,0,3,Win,78,Away,142,45,9,31.7,15.00,7,4,0,57.1,2,0.67,66,1,6,22,9.8,68,40.0,0.0,58.8
127,52,7,40.9,17.33,11,5,0,45.5,8,2.67,73,2,9,33,13.8,56,32.0,0.0,57.1,872,2014-12-21,2014,12,21,,元気フィールド仙台（仙台市新田東総合運動場）,JTマーヴェラス,仙台ベルフィーユ,尾崎侯,北原勉,3,0,3,Win,78,Home,118,34,7,28.8,11.33,3,1,0,33.3,4,1.33,61,4,4,21,14.2,63,29.0,0.0,46.0
118,34,7,28.8,11.33,3,1,0,33.3,4,1.33,61,4,4,21,14.2,63,29.0,0.0,46.0,872,2014-12-21,2014,12,21,,元気フィールド仙台（仙台市新田東総合運動場）,仙台ベルフィーユ,JTマーヴェラス,葛和伸元,,0,3,3,Lose,78,Away,127,52,7,40.9,17.33,11,5,0,45.5,8,2.67,73,2,9,33,13.8,56,32.0,0.0,57.1
126,34,7,27.0,11.33,4,0,1,0.0,3,1.00,50,0,6,25,12.5,67,38.0,0.0,56.7,873,2014-12-21,2014,12,21,,岡崎中央総合公園総合体育館,GSS東京サンビームズ,KUROBEアクアフェアリーズ,笛木彰,,0,3,3,Lose,74,Home,117,38,5,32.5,12.67,12,3,0,25.0,13,4.33,73,6,5,24,15.1,44,19.0,0.0,43.2
117,38,5,32.5,12.67,12,3,0,25.0,13,4.33,73,6,5,24,15.1,44,19.0,0.0,43.2,873,2014-12-21,2014,12,21,,岡崎中央総合公園総合体育館,KUROBEアクアフェアリーズ,GSS東京サンビームズ,米山弘,武田一星,3,0,3,Win,74,Away,126,34,7,27.0,11.33,4,0,1,0.0,3,1.00,50,0,6,25,12.5,67,38.0,0.0,56.7
124,42,7,33.9,14.00,4,0,1,0.0,2,0.67,63,2,5,31,14.8,69,45.0,0.0,65.2,874,2014-12-21,2014,12,21,,岡崎中央総合公園総合体育館,トヨタ自動車ヴァルキューレ,フォレストリーヴズ熊本,加藤信也,金子健一郎,0,3,3,Lose,71,Home,115,47,7,40.9,15.67,1,0,0,0.0,11,3.67,73,2,4,22,9.7,58,25.0,0.0,43.1
115,47,7,40.9,15.67,1,0,0,0.0,11,3.67,73,2,4,22,9.7,58,25.0,0.0,43.1,874,2014-12-21,2014,12,21,,岡崎中央総合公園総合体育館,フォレストリーヴズ熊本,トヨタ自動車ヴァルキューレ,中島裕二,福田みつ子,3,0,3,Win,71,Away,124,42,7,33.9,14.00,4,0,1,0.0,2,0.67,63,2,5,31,14.8,69,45.0,0.0,65.2
231,72,11,31.2,18.00,17,2,1,11.8,7,1.75,103,1,6,40,10.5,87,66.0,0.0,75.9,875,2015-01-10,2015,01,10,,松任総合運動公園体育館,JAぎふリオレーナ,GSS東京サンビームズ,椿本真恵,,3,1,4,Win,119,Home,223,61,16,27.4,15.25,11,1,1,9.1,7,1.75,89,0,2,21,5.9,97,56.0,0.0,57.7
223,61,16,27.4,15.25,11,1,1,9.1,7,1.75,89,0,2,21,5.9,97,56.0,0.0,57.7,875,2015-01-10,2015,01,10,,松任総合運動公園体育館,GSS東京サンビームズ,JAぎふリオレーナ,笛木彰,,1,3,4,Lose,119,Away,231,72,11,31.2,18.00,17,2,1,11.8,7,1.75,103,1,6,40,10.5,87,66.0,0.0,75.9
157,60,7,38.2,15.00,9,3,0,33.3,7,1.75,93,0,6,27,7.3,84,60.0,0.0,71.4,876,2015-01-10,2015,01,10,,松任総合運動公園体育館,PFUブルーキャッツ,JTマーヴェラス,寺廻太,金子健太郎,1,3,4,Lose,114,Home,165,67,7,40.6,16.75,12,4,0,33.3,10,2.50,99,6,12,21,10.8,87,60.0,0.0,69.0
165,67,7,40.6,16.75,12,4,0,33.3,10,2.50,99,6,12,21,10.8,87,60.0,0.0,69.0,876,2015-01-10,2015,01,10,,松任総合運動公園体育館,JTマーヴェラス,PFUブルーキャッツ,尾崎侯,北原勉,3,1,4,Win,114,Away,157,60,7,38.2,15.00,9,3,0,33.3,7,1.75,93,0,6,27,7.3,84,60.0,0.0,71.4
211,65,5,30.8,16.25,8,2,0,25.0,10,2.50,97,0,3,36,9.3,83,54.0,0.0,65.1,877,2015-01-11,2015,01,11,,松任総合運動公園体育館,JAぎふリオレーナ,フォレストリーヴズ熊本,椿本真恵,,3,1,4,Win,111,Home,231,67,10,29.0,16.75,1,0,0,0.0,9,2.25,90,0,7,29,8.1,94,58.0,0.0,61.7
231,67,10,29.0,16.75,1,0,0,0.0,9,2.25,90,0,7,29,8.1,94,58.0,0.0,61.7,877,2015-01-11,2015,01,11,,松任総合運動公園体育館,フォレストリーヴズ熊本,JAぎふリオレーナ,中島裕二,福田みつ子,1,3,4,Lose,111,Away,211,65,5,30.8,16.25,8,2,0,25.0,10,2.50,97,0,3,36,9.3,83,54.0,0.0,65.1
114,45,3,39.5,15.00,2,1,0,50.0,8,2.67,74,4,5,21,11.7,49,32.0,0.0,65.3,878,2015-01-11,2015,01,11,,松任総合運動公園体育館,PFUブルーキャッツ,KUROBEアクアフェアリーズ,寺廻太,金子健太郎,3,0,3,Win,81,Home,126,41,7,32.5,13.67,11,4,0,36.4,2,0.67,56,1,7,16,8.6,68,44.0,0.0,64.7
126,41,7,32.5,13.67,11,4,0,36.4,2,0.67,56,1,7,16,8.6,68,44.0,0.0,64.7,878,2015-01-11,2015,01,11,,松任総合運動公園体育館,KUROBEアクアフェアリーズ,PFUブルーキャッツ,米山弘,武田一星,0,3,3,Lose,81,Away,114,45,3,39.5,15.00,2,1,0,50.0,8,2.67,74,4,5,21,11.7,49,32.0,0.0,65.3
108,34,7,31.5,11.33,4,0,0,0.0,3,1.00,62,2,2,26,13.4,67,33.0,0.0,49.3,879,2015-01-17,2015,01,17,,上尾市民体育館,GSS東京サンビームズ,JTマーヴェラス,笛木彰,,0,3,3,Lose,79,Home,103,52,8,50.5,17.33,18,7,1,38.9,7,2.33,79,4,11,31,14.1,59,32.0,0.0,54.2
103,52,8,50.5,17.33,18,7,1,38.9,7,2.33,79,4,11,31,14.1,59,32.0,0.0,54.2,879,2015-01-17,2015,01,17,,上尾市民体育館,JTマーヴェラス,GSS東京サンビームズ,尾崎侯,北原勉,3,0,3,Win,79,Away,108,34,7,31.5,11.33,4,0,0,0.0,3,1.00,62,2,2,26,13.4,67,33.0,0.0,49.3
224,73,15,32.6,14.60,13,5,1,38.5,3,0.60,102,2,5,32,9.4,103,70.0,0.0,68.0,880,2015-01-17,2015,01,17,,上尾市民体育館,JAぎふリオレーナ,柏エンゼルクロス,椿本真恵,,2,3,5,Lose,115,Home,199,73,12,36.7,14.60,7,1,2,14.3,8,1.60,107,3,4,30,9.3,97,63.0,0.0,64.9
199,73,12,36.7,14.60,7,1,2,14.3,8,1.60,107,3,4,30,9.3,97,63.0,0.0,64.9,880,2015-01-17,2015,01,17,,上尾市民体育館,柏エンゼルクロス,JAぎふリオレーナ,岩下忠正,飯田功也,3,2,5,Win,115,Away,224,73,15,32.6,14.60,13,5,1,38.5,3,0.60,102,2,5,32,9.4,103,70.0,0.0,68.0
114,48,5,42.1,16.00,8,3,0,37.5,12,4.00,75,1,3,28,10.7,59,36.0,0.0,61.0,881,2015-01-17,2015,01,17,,藍住町町民体育館,PFUブルーキャッツ,フォレストリーヴズ熊本,寺廻太,金子健太郎,3,0,3,Win,78,Home,130,43,4,33.1,14.33,2,0,0,0.0,5,1.67,61,2,1,22,12.0,71,43.0,0.0,60.6
130,43,4,33.1,14.33,2,0,0,0.0,5,1.67,61,2,1,22,12.0,71,43.0,0.0,60.6,881,2015-01-17,2015,01,17,,藍住町町民体育館,フォレストリーヴズ熊本,PFUブルーキャッツ,中島裕二,,0,3,3,Lose,78,Away,114,48,5,42.1,16.00,8,3,0,37.5,12,4.00,75,1,3,28,10.7,59,36.0,0.0,61.0
132,43,8,32.6,14.33,14,3,1,21.4,13,4.33,77,3,4,26,11.8,62,32.0,0.0,51.6,882,2015-01-17,2015,01,17,,藍住町町民体育館,KUROBEアクアフェアリーズ,トヨタ自動車ヴァルキューレ,米山弘,武田一星,3,0,3,Win,84,Home,139,44,8,31.7,14.67,4,0,0,0.0,3,1.00,70,2,8,28,12.3,72,44.0,0.0,61.1
139,44,8,31.7,14.67,4,0,0,0.0,3,1.00,70,2,8,28,12.3,72,44.0,0.0,61.1,882,2015-01-17,2015,01,17,,藍住町町民体育館,トヨタ自動車ヴァルキューレ,KUROBEアクアフェアリーズ,加藤信也,金子健一郎,0,3,3,Lose,84,Away,132,43,8,32.6,14.33,14,3,1,21.4,13,4.33,77,3,4,26,11.8,62,32.0,0.0,51.6
103,25,5,24.3,8.33,6,0,0,0.0,1,0.33,44,0,6,12,6.8,63,30.0,0.0,47.6,883,2015-01-18,2015,01,18,,上尾市民体育館,JAぎふリオレーナ,JTマーヴェラス,椿本真恵,,0,3,3,Lose,62,Home,100,48,5,48.0,16.00,11,3,0,27.3,8,2.67,73,6,8,29,17.1,38,26.0,0.0,68.4
100,48,5,48.0,16.00,11,3,0,27.3,8,2.67,73,6,8,29,17.1,38,26.0,0.0,68.4,883,2015-01-18,2015,01,18,,上尾市民体育館,JTマーヴェラス,JAぎふリオレーナ,尾崎侯,北原勉,3,0,3,Win,62,Away,103,25,5,24.3,8.33,6,0,0,0.0,1,0.33,44,0,6,12,6.8,63,30.0,0.0,47.6
222,60,13,27.0,12.00,8,0,1,0.0,5,1.00,103,4,4,21,8.4,99,61.0,0.0,61.6,884,2015-01-18,2015,01,18,,上尾市民体育館,GSS東京サンビームズ,大野石油広島オイラーズ,笛木彰,,2,3,5,Lose,129,Home,237,72,12,30.4,14.40,10,2,0,20.0,13,2.60,112,2,12,37,9.9,98,74.0,0.0,75.5
237,72,12,30.4,14.40,10,2,0,20.0,13,2.60,112,2,12,37,9.9,98,74.0,0.0,75.5,884,2015-01-18,2015,01,18,,上尾市民体育館,大野石油広島オイラーズ,GSS東京サンビームズ,豆田憲昭,鈴木輝,3,2,5,Win,129,Away,222,60,13,27.0,12.00,8,0,1,0.0,5,1.00,103,4,4,21,8.4,99,61.0,0.0,61.6
155,47,7,30.3,15.67,9,1,2,11.1,13,4.33,74,2,6,28,11.9,66,52.0,0.0,78.8,885,2015-01-18,2015,01,18,,藍住町町民体育館,KUROBEアクアフェアリーズ,フォレストリーヴズ熊本,米山弘,武田一星,3,0,3,Win,84,Home,148,43,2,29.1,14.33,2,0,1,0.0,4,1.33,70,3,4,11,7.4,67,38.0,0.0,56.7
148,43,2,29.1,14.33,2,0,1,0.0,4,1.33,70,3,4,11,7.4,67,38.0,0.0,56.7,885,2015-01-18,2015,01,18,,藍住町町民体育館,フォレストリーヴズ熊本,KUROBEアクアフェアリーズ,中島裕二,,0,3,3,Lose,84,Away,155,47,7,30.3,15.67,9,1,2,11.1,13,4.33,74,2,6,28,11.9,66,52.0,0.0,78.8
195,72,5,36.9,18.00,2,1,0,50.0,10,2.50,100,3,4,31,10.2,87,57.0,0.0,65.5,886,2015-01-18,2015,01,18,,藍住町町民体育館,仙台ベルフィーユ,トヨタ自動車ヴァルキューレ,葛和伸元,,3,1,4,Win,107,Home,179,65,11,36.3,16.25,3,2,0,66.7,5,1.25,90,0,3,30,8.3,95,61.0,0.0,64.2
179,65,11,36.3,16.25,3,2,0,66.7,5,1.25,90,0,3,30,8.3,95,61.0,0.0,64.2,886,2015-01-18,2015,01,18,,藍住町町民体育館,トヨタ自動車ヴァルキューレ,仙台ベルフィーユ,加藤信也,金子健一郎,1,3,4,Lose,107,Away,195,72,5,36.9,18.00,2,1,0,50.0,10,2.50,100,3,4,31,10.2,87,57.0,0.0,65.5
170,58,9,34.1,14.50,2,1,1,50.0,2,0.50,77,0,2,26,8.4,88,35.0,0.0,39.8,887,2015-01-24,2015,01,24,,OKBぎふ清流アリーナ,仙台ベルフィーユ,KUROBEアクアフェアリーズ,葛和伸元,,1,3,4,Lose,98,Home,155,57,13,36.8,14.25,3,0,1,0.0,12,3.00,94,4,3,51,17.4,75,49.0,0.0,65.3
155,57,13,36.8,14.25,3,0,1,0.0,12,3.00,94,4,3,51,17.4,75,49.0,0.0,65.3,887,2015-01-24,2015,01,24,,OKBぎふ清流アリーナ,KUROBEアクアフェアリーズ,仙台ベルフィーユ,米山弘,武田一星,3,1,4,Win,98,Away,170,58,9,34.1,14.50,2,1,1,50.0,2,0.50,77,0,2,26,8.4,88,35.0,0.0,39.8
157,64,7,40.8,16.00,5,1,1,20.0,11,2.75,96,1,4,29,8.4,74,57.0,0.0,77.0,888,2015-01-24,2015,01,24,,OKBぎふ清流アリーナ,JAぎふリオレーナ,トヨタ自動車ヴァルキューレ,椿本真恵,高橋昂大,3,1,4,Win,95,Home,178,65,10,36.5,16.25,8,2,0,25.0,1,0.25,82,1,7,17,6.4,92,62.0,0.0,67.4
178,65,10,36.5,16.25,8,2,0,25.0,1,0.25,82,1,7,17,6.4,92,62.0,0.0,67.4,888,2015-01-24,2015,01,24,,OKBぎふ清流アリーナ,トヨタ自動車ヴァルキューレ,JAぎふリオレーナ,加藤信也,金子健一郎,1,3,4,Lose,95,Away,157,64,7,40.8,16.00,5,1,1,20.0,11,2.75,96,1,4,29,8.4,74,57.0,0.0,77.0
96,26,4,27.1,8.67,7,3,1,42.9,5,1.67,53,2,3,20,12.5,61,32.0,0.0,52.5,889,2015-01-24,2015,01,24,,猫田記念体育館,柏エンゼルクロス,JTマーヴェラス,岩下忠正,飯田功也,0,3,3,Lose,67,Home,93,45,6,48.4,15.00,11,1,1,9.1,10,3.33,73,9,9,23,18.6,50,28.0,0.0,56.0
93,45,6,48.4,15.00,11,1,1,9.1,10,3.33,73,9,9,23,18.6,50,28.0,0.0,56.0,889,2015-01-24,2015,01,24,,猫田記念体育館,JTマーヴェラス,柏エンゼルクロス,尾﨑侯,北原勉,3,0,3,Win,67,Away,96,26,4,27.1,8.67,7,3,1,42.9,5,1.67,53,2,3,20,12.5,61,32.0,0.0,52.5
145,44,6,30.3,14.67,0,0,0,-,2,0.67,63,2,1,16,8.9,65,45.0,0.0,69.2,890,2015-01-24,2015,01,24,,猫田記念体育館,フォレストリーヴズ熊本,大野石油広島オイラーズ,中島裕二,,0,3,3,Lose,75,Home,146,52,6,35.6,17.33,5,2,0,40.0,8,2.67,74,5,6,18,12.3,62,44.0,0.0,71.0
146,52,6,35.6,17.33,5,2,0,40.0,8,2.67,74,5,6,18,12.3,62,44.0,0.0,71.0,890,2015-01-24,2015,01,24,,猫田記念体育館,大野石油広島オイラーズ,フォレストリーヴズ熊本,豆田憲昭,鈴木輝,3,0,3,Win,75,Away,145,44,6,30.3,14.67,0,0,0,-,2,0.67,63,2,1,16,8.9,65,45.0,0.0,69.2
91,44,4,48.4,14.67,8,2,1,25.0,16,5.33,73,0,7,28,9.6,53,32.0,0.0,60.4,891,2015-01-25,2015,01,25,,OKBぎふ清流アリーナ,PFUブルーキャッツ,トヨタ自動車ヴァルキューレ,寺廻太,金子健太郎,3,0,3,Win,66,Home,105,35,11,33.3,11.67,7,2,2,28.6,2,0.67,55,1,2,20,10.5,66,38.0,0.0,57.6
105,35,11,33.3,11.67,7,2,2,28.6,2,0.67,55,1,2,20,10.5,66,38.0,0.0,57.6,891,2015-01-25,2015,01,25,,OKBぎふ清流アリーナ,トヨタ自動車ヴァルキューレ,PFUブルーキャッツ,加藤信也,金子健一郎,0,3,3,Lose,66,Away,91,44,4,48.4,14.67,8,2,1,25.0,16,5.33,73,0,7,28,9.6,53,32.0,0.0,60.4
178,71,9,39.9,17.75,11,3,1,27.3,7,1.75,93,1,0,42,12.2,87,51.0,0.0,58.6,892,2015-01-25,2015,01,25,,OKBぎふ清流アリーナ,JAぎふリオレーナ,仙台ベルフィーユ,椿本真恵,高橋昂大,3,1,4,Win,105,Home,182,60,9,33.0,15.00,3,0,0,0.0,14,3.50,92,5,4,32,13.3,93,50.0,0.0,53.8
182,60,9,33.0,15.00,3,0,0,0.0,14,3.50,92,5,4,32,13.3,93,50.0,0.0,53.8,892,2015-01-25,2015,01,25,,OKBぎふ清流アリーナ,仙台ベルフィーユ,JAぎふリオレーナ,葛和伸元,,1,3,4,Lose,105,Away,178,71,9,39.9,17.75,11,3,1,27.3,7,1.75,93,1,0,42,12.2,87,51.0,0.0,58.6
201,74,4,36.8,14.80,0,0,0,-,8,1.60,109,4,8,43,12.8,93,59.0,0.0,63.4,893,2015-01-25,2015,01,25,,猫田記念体育館,フォレストリーヴズ熊本,柏エンゼルクロス,中島裕二,,2,3,5,Lose,107,Home,178,60,7,33.7,12.00,10,3,1,30.0,15,3.00,100,3,7,31,10.2,101,54.0,0.0,53.5
178,60,7,33.7,12.00,10,3,1,30.0,15,3.00,100,3,7,31,10.2,101,54.0,0.0,53.5,893,2015-01-25,2015,01,25,,猫田記念体育館,柏エンゼルクロス,フォレストリーヴズ熊本,岩下忠正,飯田功也,3,2,5,Win,107,Away,201,74,4,36.8,14.80,0,0,0,-,8,1.60,109,4,8,43,12.8,93,59.0,0.0,63.4
112,43,4,38.4,14.33,9,3,1,33.3,11,3.67,74,5,13,35,17.2,54,19.0,0.0,35.2,894,2015-01-25,2015,01,25,,猫田記念体育館,JTマーヴェラス,大野石油広島オイラーズ,尾崎侯,北原勉,3,0,3,Win,75,Home,129,31,9,24.0,10.33,5,3,0,60.0,6,2.00,59,3,4,33,18.4,61,21.0,0.0,34.4
129,31,9,24.0,10.33,5,3,0,60.0,6,2.00,59,3,4,33,18.4,61,21.0,0.0,34.4,894,2015-01-25,2015,01,25,,猫田記念体育館,大野石油広島オイラーズ,JTマーヴェラス,豆田憲昭,鈴木輝,0,3,3,Lose,75,Away,112,43,4,38.4,14.33,9,3,1,33.3,11,3.67,74,5,13,35,17.2,54,19.0,0.0,35.2
134,39,9,29.1,13.00,8,3,1,37.5,8,2.67,68,3,7,26,13.1,69,30.0,0.0,43.5,895,2015-01-31,2015,01,31,,ゼビオアリーナ仙台,柏エンゼルクロス,GSS東京サンビームズ,岩下忠正,飯田功也,0,3,3,Lose,78,Home,143,52,14,36.4,17.33,6,3,2,50.0,2,0.67,74,3,3,38,16.6,61,32.0,0.0,52.5
143,52,14,36.4,17.33,6,3,2,50.0,2,0.67,74,3,3,38,16.6,61,32.0,0.0,52.5,895,2015-01-31,2015,01,31,,ゼビオアリーナ仙台,GSS東京サンビームズ,柏エンゼルクロス,笛木彰,多治見麻子,3,0,3,Win,78,Away,134,39,9,29.1,13.00,8,3,1,37.5,8,2.67,68,3,7,26,13.1,69,30.0,0.0,43.5
194,75,11,38.7,15.00,1,1,0,100.0,14,2.80,115,4,6,53,14.7,105,53.0,0.0,50.5,896,2015-01-31,2015,01,31,,ゼビオアリーナ仙台,フォレストリーヴズ熊本,仙台ベルフィーユ,中島裕二,,3,2,5,Win,122,Home,201,77,11,38.3,15.40,1,0,0,0.0,14,2.80,113,2,8,50,12.5,107,52.0,0.0,48.6
201,77,11,38.3,15.40,1,0,0,0.0,14,2.80,113,2,8,50,12.5,107,52.0,0.0,48.6,896,2015-01-31,2015,01,31,,ゼビオアリーナ仙台,仙台ベルフィーユ,フォレストリーヴズ熊本,葛和伸元,渡辺将嵩,2,3,5,Lose,122,Away,194,75,11,38.7,15.00,1,1,0,100.0,14,2.80,115,4,6,53,14.7,105,53.0,0.0,50.5
188,56,5,29.8,14.00,13,4,0,30.8,15,3.75,98,3,6,41,12.9,90,61.0,0.0,67.8,897,2015-01-31,2015,01,31,,山陽ふれあい公園総合体育館,PFUブルーキャッツ,大野石油広島オイラーズ,寺廻太,金子健太郎,1,3,4,Lose,112,Home,214,74,8,34.6,18.50,10,6,0,60.0,11,2.75,101,0,11,29,7.2,92,48.0,0.0,52.2
214,74,8,34.6,18.50,10,6,0,60.0,11,2.75,101,0,11,29,7.2,92,48.0,0.0,52.2,897,2015-01-31,2015,01,31,,山陽ふれあい公園総合体育館,大野石油広島オイラーズ,PFUブルーキャッツ,豆田憲昭,鈴木輝,3,1,4,Win,112,Away,188,56,5,29.8,14.00,13,4,0,30.8,15,3.75,98,3,6,41,12.9,90,61.0,0.0,67.8
142,49,12,34.5,16.33,6,0,1,0.0,5,1.67,74,1,4,28,10.5,65,40.0,0.0,61.5,898,2015-01-31,2015,01,31,,山陽ふれあい公園総合体育館,JAぎふリオレーナ,トヨタ自動車ヴァルキューレ,椿本真恵,,3,0,3,Win,80,Home,143,39,14,27.3,13.00,7,4,1,57.1,3,1.00,67,3,1,23,12.5,70,41.0,0.0,58.6
143,39,14,27.3,13.00,7,4,1,57.1,3,1.00,67,3,1,23,12.5,70,41.0,0.0,58.6,898,2015-01-31,2015,01,31,,山陽ふれあい公園総合体育館,トヨタ自動車ヴァルキューレ,JAぎふリオレーナ,加藤信也,金子健一郎,0,3,3,Lose,80,Away,142,49,12,34.5,16.33,6,0,1,0.0,5,1.67,74,1,4,28,10.5,65,40.0,0.0,61.5
176,65,5,36.9,16.25,10,3,0,30.0,10,2.50,92,1,9,31,9.5,84,53.0,0.0,63.1,899,2015-02-01,2015,02,01,,ゼビオアリーナ仙台,KUROBEアクアフェアリーズ,GSS東京サンビームズ,米山弘,武田一星,3,1,4,Win,104,Home,198,66,10,33.3,16.50,3,2,0,66.7,4,1.00,88,0,4,31,8.8,82,51.0,0.0,62.2
198,66,10,33.3,16.50,3,2,0,66.7,4,1.00,88,0,4,31,8.8,82,51.0,0.0,62.2,899,2015-02-01,2015,02,01,,ゼビオアリーナ仙台,GSS東京サンビームズ,KUROBEアクアフェアリーズ,笛木彰,多治見麻子,1,3,4,Lose,104,Away,176,65,5,36.9,16.25,10,3,0,30.0,10,2.50,92,1,9,31,9.5,84,53.0,0.0,63.1
172,62,10,36.0,15.50,3,1,1,33.3,16,4.00,97,1,2,49,13.7,72,34.0,0.0,47.2,900,2015-02-01,2015,02,01,,ゼビオアリーナ仙台,柏エンゼルクロス,仙台ベルフィーユ,岩下忠正,飯田功也,3,1,4,Win,99,Home,184,54,8,29.3,13.50,1,1,0,100.0,7,1.75,79,2,7,36,13.4,94,45.0,0.0,47.9
184,54,8,29.3,13.50,1,1,0,100.0,7,1.75,79,2,7,36,13.4,94,45.0,0.0,47.9,900,2015-02-01,2015,02,01,,ゼビオアリーナ仙台,仙台ベルフィーユ,柏エンゼルクロス,葛和伸元,,1,3,4,Lose,99,Away,172,62,10,36.0,15.50,3,1,1,33.3,16,4.00,97,1,2,49,13.7,72,34.0,0.0,47.2
124,34,7,27.4,11.33,9,2,0,22.2,5,1.67,62,3,3,23,13.5,65,39.0,0.0,60.0,901,2015-02-01,2015,02,01,,山陽ふれあい公園総合体育館,大野石油広島オイラーズ,JTマーヴェラス,豆田憲昭,鈴木輝,0,3,3,Lose,82,Home,132,54,5,40.9,18.00,18,3,1,16.7,6,2.00,73,1,7,26,10.3,58,33.0,0.0,56.9
132,54,5,40.9,18.00,18,3,1,16.7,6,2.00,73,1,7,26,10.3,58,33.0,0.0,56.9,901,2015-02-01,2015,02,01,,山陽ふれあい公園総合体育館,JTマーヴェラス,大野石油広島オイラーズ,尾崎侯,北原勉,3,0,3,Win,82,Away,124,34,7,27.4,11.33,9,2,0,22.2,5,1.67,62,3,3,23,13.5,65,39.0,0.0,60.0
122,30,6,24.6,10.00,8,2,0,25.0,0,0.00,51,0,4,11,5.4,67,39.0,0.0,58.2,902,2015-02-01,2015,02,01,,山陽ふれあい公園総合体育館,トヨタ自動車ヴァルキューレ,PFUブルーキャッツ,加藤信也,金子健一郎,0,3,3,Lose,69,Home,104,46,9,44.2,15.33,9,3,1,33.3,13,4.33,74,3,7,25,11.7,47,36.0,0.0,76.6
104,46,9,44.2,15.33,9,3,1,33.3,13,4.33,74,3,7,25,11.7,47,36.0,0.0,76.6,902,2015-02-01,2015,02,01,,山陽ふれあい公園総合体育館,PFUブルーキャッツ,トヨタ自動車ヴァルキューレ,寺廻太,金子健太郎,3,0,3,Win,69,Away,122,30,6,24.6,10.00,8,2,0,25.0,0,0.00,51,0,4,11,5.4,67,39.0,0.0,58.2
178,68,10,38.2,17.00,3,0,1,0.0,15,3.75,92,3,6,16,7.0,86,77.0,0.0,89.5,903,2015-02-07,2015,02,07,,柏市中央体育館,KUROBEアクアフェアリーズ,JAぎふリオレーナ,米山弘,武田一星,3,1,4,Win,106,Home,180,63,2,35.0,15.75,8,1,0,12.5,4,1.00,90,3,4,6,4.3,86,67.0,0.0,77.9
180,63,2,35.0,15.75,8,1,0,12.5,4,1.00,90,3,4,6,4.3,86,67.0,0.0,77.9,903,2015-02-07,2015,02,07,,柏市中央体育館,JAぎふリオレーナ,KUROBEアクアフェアリーズ,椿本真恵,,1,3,4,Lose,106,Away,178,68,10,38.2,17.00,3,0,1,0.0,15,3.75,92,3,6,16,7.0,86,77.0,0.0,89.5
173,66,8,38.2,13.20,17,6,1,35.3,6,1.20,100,4,6,20,8.4,101,63.0,0.0,62.4,904,2015-02-07,2015,02,07,,柏市中央体育館,トヨタ自動車ヴァルキューレ,柏エンゼルクロス,加藤信也,金子健一郎,2,3,5,Lose,111,Home,179,68,14,38.0,13.60,2,0,0,0.0,15,3.00,106,3,5,35,10.5,93,70.0,0.0,75.3
179,68,14,38.0,13.60,2,0,0,0.0,15,3.00,106,3,5,35,10.5,93,70.0,0.0,75.3,904,2015-02-07,2015,02,07,,柏市中央体育館,柏エンゼルクロス,トヨタ自動車ヴァルキューレ,岩下忠正,飯田功也,3,2,5,Win,111,Away,173,66,8,38.2,13.20,17,6,1,35.3,6,1.20,100,4,6,20,8.4,101,63.0,0.0,62.4
163,62,14,38.0,15.50,8,1,1,12.5,7,1.75,89,0,6,25,7.0,75,42.0,0.0,56.0,905,2015-02-07,2015,02,07,,松任総合運動公園体育館,大野石油広島オイラーズ,仙台ベルフィーユ,豆田憲昭,鈴木輝,3,1,4,Win,100,Home,159,53,4,33.3,13.25,1,0,0,0.0,5,1.25,84,2,9,31,11.1,83,58.0,0.0,69.9
159,53,4,33.3,13.25,1,0,0,0.0,5,1.25,84,2,9,31,11.1,83,58.0,0.0,69.9,905,2015-02-07,2015,02,07,,松任総合運動公園体育館,仙台ベルフィーユ,大野石油広島オイラーズ,葛和伸元,,1,3,4,Lose,100,Away,163,62,14,38.0,15.50,8,1,1,12.5,7,1.75,89,0,6,25,7.0,75,42.0,0.0,56.0
139,43,5,30.9,10.75,13,3,1,23.1,8,2.00,83,2,6,28,10.6,78,52.0,0.0,66.7,906,2015-02-07,2015,02,07,,松任総合運動公園体育館,PFUブルーキャッツ,JTマーヴェラス,寺廻太,金子健太郎,1,3,4,Lose,98,Home,151,65,15,43.0,16.25,18,5,2,27.8,10,2.50,90,1,11,26,8.3,76,47.0,0.0,61.8
151,65,15,43.0,16.25,18,5,2,27.8,10,2.50,90,1,11,26,8.3,76,47.0,0.0,61.8,906,2015-02-07,2015,02,07,,松任総合運動公園体育館,JTマーヴェラス,PFUブルーキャッツ,尾崎侯,北原勉,3,1,4,Win,98,Away,139,43,5,30.9,10.75,13,3,1,23.1,8,2.00,83,2,6,28,10.6,78,52.0,0.0,66.7
175,51,9,29.1,12.75,9,1,1,11.1,4,1.00,76,3,6,10,6.7,90,60.0,0.0,66.7,907,2015-02-08,2015,02,08,,柏市中央体育館,トヨタ自動車ヴァルキューレ,KUROBEアクアフェアリーズ,加藤信也,金子健一郎,1,3,4,Lose,96,Home,161,61,11,37.9,15.25,3,1,0,33.3,14,3.50,97,5,5,27,11.5,69,57.0,0.0,82.6
161,61,11,37.9,15.25,3,1,0,33.3,14,3.50,97,5,5,27,11.5,69,57.0,0.0,82.6,907,2015-02-08,2015,02,08,,柏市中央体育館,KUROBEアクアフェアリーズ,トヨタ自動車ヴァルキューレ,米山弘,武田一星,3,1,4,Win,96,Away,175,51,9,29.1,12.75,9,1,1,11.1,4,1.00,76,3,6,10,6.7,90,60.0,0.0,66.7
212,71,4,33.5,14.20,6,4,1,66.7,9,1.80,109,4,7,24,8.6,105,85.0,0.0,81.0,908,2015-02-08,2015,02,08,,柏市中央体育館,JAぎふリオレーナ,柏エンゼルクロス,椿本真恵,,2,3,5,Lose,116,Home,214,78,15,36.4,15.60,8,2,3,25.0,15,3.00,110,2,5,18,5.5,101,74.0,0.0,73.3
214,78,15,36.4,15.60,8,2,3,25.0,15,3.00,110,2,5,18,5.5,101,74.0,0.0,73.3,908,2015-02-08,2015,02,08,,柏市中央体育館,柏エンゼルクロス,JAぎふリオレーナ,岩下忠正,飯田功也,3,2,5,Win,116,Away,212,71,4,33.5,14.20,6,4,1,66.7,9,1.80,109,4,7,24,8.6,105,85.0,0.0,81.0
155,53,2,34.2,17.67,0,0,0,-,7,2.33,74,2,3,18,8.5,57,29.0,0.0,50.9,909,2015-02-08,2015,02,08,,松任総合運動公園体育館,フォレストリーヴズ熊本,GSS東京サンビームズ,中島裕二,,3,0,3,Win,79,Home,176,46,7,26.1,15.33,8,2,1,25.0,3,1.00,61,1,4,27,12.4,70,51.0,0.0,72.9
176,46,7,26.1,15.33,8,2,1,25.0,3,1.00,61,1,4,27,12.4,70,51.0,0.0,72.9,909,2015-02-08,2015,02,08,,松任総合運動公園体育館,GSS東京サンビームズ,フォレストリーヴズ熊本,笛木彰,,0,3,3,Lose,79,Away,155,53,2,34.2,17.67,0,0,0,-,7,2.33,74,2,3,18,8.5,57,29.0,0.0,50.9
119,45,8,37.8,15.00,5,0,2,0.0,15,5.00,74,4,5,16,10.3,64,36.0,0.0,56.2,910,2015-02-08,2015,02,08,,松任総合運動公園体育館,PFUブルーキャッツ,仙台ベルフィーユ,寺廻太,金子健太郎,3,0,3,Win,83,Home,133,42,5,31.6,14.00,1,0,0,0.0,6,2.00,70,4,5,25,13.8,67,49.0,0.0,73.1
133,42,5,31.6,14.00,1,0,0,0.0,6,2.00,70,4,5,25,13.8,67,49.0,0.0,73.1,910,2015-02-08,2015,02,08,,松任総合運動公園体育館,仙台ベルフィーユ,PFUブルーキャッツ,葛和伸元,,0,3,3,Lose,83,Away,119,45,8,37.8,15.00,5,0,2,0.0,15,5.00,74,4,5,16,10.3,64,36.0,0.0,56.2
121,40,4,33.1,13.33,0,0,0,-,5,1.67,67,1,4,20,8.7,66,30.0,0.0,45.5,911,2015-02-14,2015,02,14,,江戸川区スポーツセンター,フォレストリーヴズ熊本,JTマーヴェラス,中島裕二,,0,3,3,Lose,78,Home,123,49,10,39.8,16.33,18,4,1,22.2,9,3.00,74,6,6,32,17.8,63,42.0,0.0,66.7
123,49,10,39.8,16.33,18,4,1,22.2,9,3.00,74,6,6,32,17.8,63,42.0,0.0,66.7,911,2015-02-14,2015,02,14,,江戸川区スポーツセンター,JTマーヴェラス,フォレストリーヴズ熊本,尾崎侯,北原勉,3,0,3,Win,78,Away,121,40,4,33.1,13.33,0,0,0,-,5,1.67,67,1,4,20,8.7,66,30.0,0.0,45.5
136,33,12,24.3,11.00,5,1,0,20.0,2,0.67,50,2,4,13,9.7,70,44.0,0.0,62.9,912,2015-02-14,2015,02,14,,江戸川区スポーツセンター,GSS東京サンビームズ,柏エンゼルクロス,笛木彰,多治見麻子,0,3,3,Lose,65,Home,103,41,8,39.8,13.67,5,1,1,20.0,14,4.67,74,0,4,26,8.8,46,31.0,0.0,67.4
103,41,8,39.8,13.67,5,1,1,20.0,14,4.67,74,0,4,26,8.8,46,31.0,0.0,67.4,912,2015-02-14,2015,02,14,,江戸川区スポーツセンター,柏エンゼルクロス,GSS東京サンビームズ,岩下忠正,飯田功也,3,0,3,Win,65,Away,136,33,12,24.3,11.00,5,1,0,20.0,2,0.67,50,2,4,13,9.7,70,44.0,0.0,62.9
129,50,6,38.8,16.67,0,0,0,-,9,3.00,74,2,9,25,10.6,50,27.0,0.0,54.0,913,2015-02-14,2015,02,14,,JAぎふ アグリパーク鈴ヶ坂アリーナ,仙台ベルフィーユ,トヨタ自動車ヴァルキューレ,葛和伸元,渡辺将嵩,3,0,3,Win,75,Home,129,33,7,25.6,11.00,8,4,0,50.0,1,0.33,52,0,2,23,11.1,65,38.0,0.0,58.5
129,33,7,25.6,11.00,8,4,0,50.0,1,0.33,52,0,2,23,11.1,65,38.0,0.0,58.5,913,2015-02-14,2015,02,14,,JAぎふ アグリパーク鈴ヶ坂アリーナ,トヨタ自動車ヴァルキューレ,仙台ベルフィーユ,加藤信也,金子健一郎,0,3,3,Lose,75,Away,129,50,6,38.8,16.67,0,0,0,-,9,3.00,74,2,9,25,10.6,50,27.0,0.0,54.0
137,51,4,37.2,17.00,4,1,0,25.0,7,2.33,74,3,6,24,11.9,57,33.0,0.0,57.9,914,2015-02-14,2015,02,14,,JAぎふ アグリパーク鈴ヶ坂アリーナ,大野石油広島オイラーズ,JAぎふリオレーナ,豆田憲昭,鈴木輝,3,0,3,Win,75,Home,144,46,8,31.9,15.33,10,2,4,20.0,2,0.67,63,0,6,24,9.5,66,41.0,0.0,62.1
144,46,8,31.9,15.33,10,2,4,20.0,2,0.67,63,0,6,24,9.5,66,41.0,0.0,62.1,914,2015-02-14,2015,02,14,,JAぎふ アグリパーク鈴ヶ坂アリーナ,JAぎふリオレーナ,大野石油広島オイラーズ,椿本真恵,高橋昂大,0,3,3,Lose,75,Away,137,51,4,37.2,17.00,4,1,0,25.0,7,2.33,74,3,6,24,11.9,57,33.0,0.0,57.9
230,72,13,31.3,14.40,1,0,0,0.0,10,2.00,103,3,3,30,10.0,104,73.0,0.0,70.2,915,2015-02-15,2015,02,15,,江戸川区スポーツセンター,フォレストリーヴズ熊本,KUROBEアクアフェアリーズ,中島裕二,,2,3,5,Lose,124,Home,210,74,10,35.2,14.80,6,0,1,0.0,12,2.40,108,1,4,30,7.7,98,67.0,0.0,68.4
210,74,10,35.2,14.80,6,0,1,0.0,12,2.40,108,1,4,30,7.7,98,67.0,0.0,68.4,915,2015-02-15,2015,02,15,,江戸川区スポーツセンター,KUROBEアクアフェアリーズ,フォレストリーヴズ熊本,米山弘,武田一星,3,2,5,Win,124,Away,230,72,13,31.3,14.40,1,0,0,0.0,10,2.00,103,3,3,30,10.0,104,73.0,0.0,70.2
128,44,10,34.4,11.00,14,2,5,14.3,5,1.25,70,2,4,22,10.1,78,47.0,0.0,60.3,916,2015-02-15,2015,02,15,,江戸川区スポーツセンター,GSS東京サンビームズ,JTマーヴェラス,笛木彰,多治見麻子,1,3,4,Lose,92,Home,120,62,5,51.7,15.50,12,4,0,33.3,7,1.75,96,9,12,28,16.0,66,42.0,0.0,63.6
120,62,5,51.7,15.50,12,4,0,33.3,7,1.75,96,9,12,28,16.0,66,42.0,0.0,63.6,916,2015-02-15,2015,02,15,,江戸川区スポーツセンター,JTマーヴェラス,GSS東京サンビームズ,尾崎侯,北原勉,3,1,4,Win,92,Away,128,44,10,34.4,11.00,14,2,5,14.3,5,1.25,70,2,4,22,10.1,78,47.0,0.0,60.3
130,55,7,42.3,18.33,5,1,0,20.0,6,2.00,75,0,7,37,12.3,60,33.0,0.0,55.0,917,2015-02-15,2015,02,15,,JAぎふ アグリパーク鈴ヶ坂アリーナ,大野石油広島オイラーズ,トヨタ自動車ヴァルキューレ,豆田憲昭,鈴木輝,3,0,3,Win,76,Home,126,41,10,32.5,13.67,15,3,4,20.0,3,1.00,63,1,2,27,12.3,68,31.0,0.0,45.6
126,41,10,32.5,13.67,15,3,4,20.0,3,1.00,63,1,2,27,12.3,68,31.0,0.0,45.6,917,2015-02-15,2015,02,15,,JAぎふ アグリパーク鈴ヶ坂アリーナ,トヨタ自動車ヴァルキューレ,大野石油広島オイラーズ,加藤信也,金子健一郎,0,3,3,Lose,76,Away,130,55,7,42.3,18.33,5,1,0,20.0,6,2.00,75,0,7,37,12.3,60,33.0,0.0,55.0
185,66,6,35.7,16.50,1,0,0,0.0,13,3.25,94,3,12,28,10.2,92,57.0,0.0,62.0,918,2015-02-15,2015,02,15,,JAぎふ アグリパーク鈴ヶ坂アリーナ,仙台ベルフィーユ,JAぎふリオレーナ,葛和伸元,渡辺将嵩,1,3,4,Lose,104,Home,167,66,3,39.5,16.50,10,2,1,20.0,5,1.25,98,4,6,31,11.2,81,51.0,0.0,63.0
167,66,3,39.5,16.50,10,2,1,20.0,5,1.25,98,4,6,31,11.2,81,51.0,0.0,63.0,918,2015-02-15,2015,02,15,,JAぎふ アグリパーク鈴ヶ坂アリーナ,JAぎふリオレーナ,仙台ベルフィーユ,椿本真恵,高橋昂大,3,1,4,Win,104,Away,185,66,6,35.7,16.50,1,0,0,0.0,13,3.25,94,3,12,28,10.2,92,57.0,0.0,62.0
182,57,15,31.3,14.25,6,1,2,16.7,5,1.25,82,2,4,43,15.5,87,44.0,0.0,50.6,919,2015-02-21,2015,02,21,,美濃加茂市中央体育館（プラザちゅうたい）,GSS東京サンビームズ,仙台ベルフィーユ,笛木彰,多治見麻子,1,3,4,Lose,102,Home,159,56,8,35.2,14.00,0,0,0,-,10,2.50,93,4,6,39,13.9,76,33.0,0.0,43.4
159,56,8,35.2,14.00,0,0,0,-,10,2.50,93,4,6,39,13.9,76,33.0,0.0,43.4,919,2015-02-21,2015,02,21,,美濃加茂市中央体育館（プラザちゅうたい）,仙台ベルフィーユ,GSS東京サンビームズ,葛和伸元,渡辺将嵩,3,1,4,Win,102,Away,182,57,15,31.3,14.25,6,1,2,16.7,5,1.25,82,2,4,43,15.5,87,44.0,0.0,50.6
134,50,5,37.3,16.67,8,2,1,25.0,10,3.33,74,2,9,28,11.6,61,43.0,0.0,70.5,920,2015-02-21,2015,02,21,,美濃加茂市中央体育館（プラザちゅうたい）,PFUブルーキャッツ,JAぎふリオレーナ,寺廻太,金子健太郎,3,0,3,Win,77,Home,143,41,9,28.7,13.67,13,2,2,15.4,5,1.67,65,1,4,17,7.8,65,35.0,0.0,53.8
143,41,9,28.7,13.67,13,2,2,15.4,5,1.67,65,1,4,17,7.8,65,35.0,0.0,53.8,920,2015-02-21,2015,02,21,,美濃加茂市中央体育館（プラザちゅうたい）,JAぎふリオレーナ,PFUブルーキャッツ,椿本真恵,高橋昂大,0,3,3,Lose,77,Away,134,50,5,37.3,16.67,8,2,1,25.0,10,3.33,74,2,9,28,11.6,61,43.0,0.0,70.5
207,76,4,36.7,15.20,5,1,0,20.0,5,1.00,104,4,6,20,8.3,107,81.0,0.0,75.7,921,2015-02-21,2015,02,21,,黒部市総合体育センター,柏エンゼルクロス,フォレストリーヴズ熊本,岩下忠正,飯田功也,2,3,5,Lose,113,Home,192,78,3,40.6,15.60,0,0,0,-,12,2.40,111,5,4,21,8.3,96,74.0,0.0,77.1
192,78,3,40.6,15.60,0,0,0,-,12,2.40,111,5,4,21,8.3,96,74.0,0.0,77.1,921,2015-02-21,2015,02,21,,黒部市総合体育センター,フォレストリーヴズ熊本,柏エンゼルクロス,中島裕二,,3,2,5,Win,113,Away,207,76,4,36.7,15.20,5,1,0,20.0,5,1.00,104,4,6,20,8.3,107,81.0,0.0,75.7
213,74,13,34.7,14.80,6,0,1,0.0,8,1.60,110,4,7,39,12.0,94,73.0,0.0,77.7,922,2015-02-21,2015,02,21,,黒部市総合体育センター,KUROBEアクアフェアリーズ,大野石油広島オイラーズ,米山弘,武田一星,2,3,5,Lose,128,Home,242,71,13,29.3,14.20,7,2,0,28.6,3,0.60,102,3,7,19,7.2,102,60.0,0.0,58.8
242,71,13,29.3,14.20,7,2,0,28.6,3,0.60,102,3,7,19,7.2,102,60.0,0.0,58.8,922,2015-02-21,2015,02,21,,黒部市総合体育センター,大野石油広島オイラーズ,KUROBEアクアフェアリーズ,豆田憲昭,鈴木輝,3,2,5,Win,128,Away,213,74,13,34.7,14.80,6,0,1,0.0,8,1.60,110,4,7,39,12.0,94,73.0,0.0,77.7
97,33,5,34.0,11.00,1,0,0,0.0,5,1.67,59,2,5,26,13.7,62,17.0,0.0,27.4,923,2015-02-22,2015,02,22,,東美濃ふれあいセンター,仙台ベルフィーユ,JTマーヴェラス,葛和伸元,渡辺将嵩,0,3,3,Lose,72,Home,102,50,4,49.0,16.67,11,5,1,45.5,7,2.33,73,5,9,42,20.4,54,26.0,0.0,48.1
102,50,4,49.0,16.67,11,5,1,45.5,7,2.33,73,5,9,42,20.4,54,26.0,0.0,48.1,923,2015-02-22,2015,02,22,,東美濃ふれあいセンター,JTマーヴェラス,仙台ベルフィーユ,尾崎侯,北原勉,3,0,3,Win,72,Away,97,33,5,34.0,11.00,1,0,0,0.0,5,1.67,59,2,5,26,13.7,62,17.0,0.0,27.4
138,34,9,24.6,11.33,3,0,1,0.0,2,0.67,50,2,4,19,12.7,67,40.0,0.0,59.7,924,2015-02-22,2015,02,22,,東美濃ふれあいセンター,GSS東京サンビームズ,JAぎふリオレーナ,笛木彰,多治見麻子,0,3,3,Lose,71,Home,111,41,6,36.9,13.67,8,2,0,25.0,11,3.67,73,3,4,26,12.7,46,25.0,0.0,54.3
111,41,6,36.9,13.67,8,2,0,25.0,11,3.67,73,3,4,26,12.7,46,25.0,0.0,54.3,924,2015-02-22,2015,02,22,,東美濃ふれあいセンター,JAぎふリオレーナ,GSS東京サンビームズ,椿本真恵,高橋昂大,3,0,3,Win,71,Away,138,34,9,24.6,11.33,3,0,1,0.0,2,0.67,50,2,4,19,12.7,67,40.0,0.0,59.7
232,77,14,33.2,15.40,5,0,1,0.0,11,2.20,111,4,8,26,8.7,106,67.0,0.0,63.2,925,2015-02-22,2015,02,22,,黒部市総合体育センター,大野石油広島オイラーズ,フォレストリーヴズ熊本,豆田憲昭,鈴木輝,2,3,5,Lose,122,Home,229,70,13,30.6,14.00,0,0,0,-,10,2.00,108,4,2,35,11.1,103,73.0,0.0,70.9
229,70,13,30.6,14.00,0,0,0,-,10,2.00,108,4,2,35,11.1,103,73.0,0.0,70.9,925,2015-02-22,2015,02,22,,黒部市総合体育センター,フォレストリーヴズ熊本,大野石油広島オイラーズ,中島裕二,,3,2,5,Win,122,Away,232,77,14,33.2,15.40,5,0,1,0.0,11,2.20,111,4,8,26,8.7,106,67.0,0.0,63.2
177,65,8,36.7,16.25,6,2,1,33.3,10,2.50,94,6,5,37,15.4,81,54.0,0.0,66.7,926,2015-02-22,2015,02,22,,黒部市総合体育センター,KUROBEアクアフェアリーズ,柏エンゼルクロス,米山弘,武田一星,3,1,4,Win,101,Home,179,57,7,31.8,14.25,5,2,0,40.0,5,1.25,86,2,4,26,9.7,87,46.0,0.0,52.9
179,57,7,31.8,14.25,5,2,0,40.0,5,1.25,86,2,4,26,9.7,87,46.0,0.0,52.9,926,2015-02-22,2015,02,22,,黒部市総合体育センター,柏エンゼルクロス,KUROBEアクアフェアリーズ,岩下忠正,飯田功也,1,3,4,Lose,101,Away,177,65,8,36.7,16.25,6,2,1,33.3,10,2.50,94,6,5,37,15.4,81,54.0,0.0,66.7
119,25,7,21.0,8.33,19,3,1,15.8,3,1.00,51,2,4,21,13.4,68,41.0,0.0,60.3,927,2015-02-28,2015,02,28,,上尾市民体育館,JAぎふリオレーナ,JTマーヴェラス,椿本真恵,,0,3,3,Lose,69,Home,107,46,7,43.0,15.33,16,4,1,25.0,8,2.67,73,7,3,22,15.8,47,24.0,0.0,51.1
107,46,7,43.0,15.33,16,4,1,25.0,8,2.67,73,7,3,22,15.8,47,24.0,0.0,51.1,927,2015-02-28,2015,02,28,,上尾市民体育館,JTマーヴェラス,JAぎふリオレーナ,尾崎侯,北原勉,3,0,3,Win,69,Away,119,25,7,21.0,8.33,19,3,1,15.8,3,1.00,51,2,4,21,13.4,68,41.0,0.0,60.3
197,37,20,18.8,9.25,14,1,2,7.1,11,2.75,75,3,0,35,15.1,87,51.0,0.0,58.6,928,2015-02-28,2015,02,28,,上尾市民体育館,KUROBEアクアフェアリーズ,PFUブルーキャッツ,米山弘,武田一星,1,3,4,Lose,106,Home,189,57,11,30.2,14.25,3,0,0,0.0,16,4.00,96,4,7,34,12.6,74,37.0,0.0,50.0
189,57,11,30.2,14.25,3,0,0,0.0,16,4.00,96,4,7,34,12.6,74,37.0,0.0,50.0,928,2015-02-28,2015,02,28,,上尾市民体育館,PFUブルーキャッツ,KUROBEアクアフェアリーズ,寺廻太,金子健太郎,3,1,4,Win,106,Away,197,37,20,18.8,9.25,14,1,2,7.1,11,2.75,75,3,0,35,15.1,87,51.0,0.0,58.6
134,40,7,29.9,13.33,6,0,1,0.0,1,0.33,59,2,4,23,12.5,69,41.0,0.0,59.4,929,2015-02-28,2015,02,28,,上尾市民体育館,GSS東京サンビームズ,大野石油広島オイラーズ,笛木彰,多治見麻子,0,3,3,Lose,82,Home,135,46,7,34.1,15.33,5,3,1,60.0,14,4.67,73,0,4,28,9.6,55,30.0,0.0,54.5
135,46,7,34.1,15.33,5,3,1,60.0,14,4.67,73,0,4,28,9.6,55,30.0,0.0,54.5,929,2015-02-28,2015,02,28,,上尾市民体育館,大野石油広島オイラーズ,GSS東京サンビームズ,豆田憲昭,鈴木輝,3,0,3,Win,82,Away,134,40,7,29.9,13.33,6,0,1,0.0,1,0.33,59,2,4,23,12.5,69,41.0,0.0,59.4
137,47,8,34.3,11.75,7,4,0,57.1,6,1.50,80,2,6,28,11.2,85,43.0,0.0,50.6,930,2015-03-01,2015,03,01,,上尾市民体育館,柏エンゼルクロス,JTマーヴェラス,岩下忠正,飯田功也,1,3,4,Lose,91,Home,135,69,8,51.1,17.25,13,3,2,23.1,12,3.00,99,4,13,39,13.3,72,44.0,0.0,61.1
135,69,8,51.1,17.25,13,3,2,23.1,12,3.00,99,4,13,39,13.3,72,44.0,0.0,61.1,930,2015-03-01,2015,03,01,,上尾市民体育館,JTマーヴェラス,柏エンゼルクロス,尾崎侯,北原勉,3,1,4,Win,91,Away,137,47,8,34.3,11.75,7,4,0,57.1,6,1.50,80,2,6,28,11.2,85,43.0,0.0,50.6
118,26,15,22.0,8.67,5,1,0,20.0,0,0.00,45,3,5,12,12.4,67,29.0,0.0,43.3,931,2015-03-01,2015,03,01,,上尾市民体育館,GSS東京サンビームズ,PFUブルーキャッツ,笛木彰,多治見麻子,0,3,3,Lose,67,Home,95,39,6,41.1,13.00,6,1,0,16.7,11,3.67,73,2,5,37,15.1,39,25.0,0.0,64.1
95,39,6,41.1,13.00,6,1,0,16.7,11,3.67,73,2,5,37,15.1,39,25.0,0.0,64.1,931,2015-03-01,2015,03,01,,上尾市民体育館,PFUブルーキャッツ,GSS東京サンビームズ,寺廻太,金子健太郎,3,0,3,Win,67,Away,118,26,15,22.0,8.67,5,1,0,20.0,0,0.00,45,3,5,12,12.4,67,29.0,0.0,43.3
135,30,4,22.2,10.00,13,2,0,15.4,0,0.00,45,0,1,16,8.9,73,46.0,0.0,63.0,932,2015-03-01,2015,03,01,,上尾市民体育館,トヨタ自動車ヴァルキューレ,フォレストリーヴズ熊本,加藤信也,金子健一郎,0,3,3,Lose,65,Home,140,56,7,40.0,18.67,0,0,0,-,7,2.33,74,2,1,25,10.6,44,28.0,0.0,63.6
140,56,7,40.0,18.67,0,0,0,-,7,2.33,74,2,1,25,10.6,44,28.0,0.0,63.6,932,2015-03-01,2015,03,01,,上尾市民体育館,フォレストリーヴズ熊本,トヨタ自動車ヴァルキューレ,中島裕二,,3,0,3,Win,65,Away,135,30,4,22.2,10.00,13,2,0,15.4,0,0.00,45,0,1,16,8.9,73,46.0,0.0,63.0
164,58,11,35.4,14.50,13,3,2,23.1,5,1.25,93,4,8,16,8.0,86,60.0,0.0,69.8,933,2015-03-14,2015,03,14,,黒部市総合体育センター,トヨタ自動車ヴァルキューレ,GSS東京サンビームズ,加藤信也,金子健一郎,1,3,4,Lose,104,Home,164,59,11,36.0,14.75,8,1,1,12.5,9,2.25,95,3,6,25,9.5,84,65.0,0.0,77.4
164,59,11,36.0,14.75,8,1,1,12.5,9,2.25,95,3,6,25,9.5,84,65.0,0.0,77.4,933,2015-03-14,2015,03,14,,黒部市総合体育センター,GSS東京サンビームズ,トヨタ自動車ヴァルキューレ,笛木彰,多治見麻子,3,1,4,Win,104,Away,164,58,11,35.4,14.50,13,3,2,23.1,5,1.25,93,4,8,16,8.0,86,60.0,0.0,69.8
165,62,12,37.6,15.50,23,4,1,17.4,8,2.00,99,5,14,30,12.2,78,46.0,0.0,59.0,934,2015-03-14,2015,03,14,,黒部市総合体育センター,JTマーヴェラス,KUROBEアクアフェアリーズ,尾崎侯,北原勉,3,1,4,Win,107,Home,164,41,12,25.0,10.25,9,1,1,11.1,5,1.25,84,2,6,30,10.8,82,50.0,0.0,61.0
164,41,12,25.0,10.25,9,1,1,11.1,5,1.25,84,2,6,30,10.8,82,50.0,0.0,61.0,934,2015-03-14,2015,03,14,,黒部市総合体育センター,KUROBEアクアフェアリーズ,JTマーヴェラス,米山弘,武田一星,1,3,4,Lose,107,Away,165,62,12,37.6,15.50,23,4,1,17.4,8,2.00,99,5,14,30,12.2,78,46.0,0.0,59.0
125,48,4,38.4,16.00,6,2,0,33.3,6,2.00,74,2,8,27,11.6,50,26.0,0.0,52.0,935,2015-03-14,2015,03,14,,串間市総合体育館,大野石油広島オイラーズ,柏エンゼルクロス,豆田憲昭,鈴木輝,3,0,3,Win,71,Home,120,36,9,30.0,12.00,8,2,2,25.0,7,2.33,58,1,7,24,12.1,65,37.0,0.0,56.9
120,36,9,30.0,12.00,8,2,2,25.0,7,2.33,58,1,7,24,12.1,65,37.0,0.0,56.9,935,2015-03-14,2015,03,14,,串間市総合体育館,柏エンゼルクロス,大野石油広島オイラーズ,岩下忠正,飯田功也,0,3,3,Lose,71,Away,125,48,4,38.4,16.00,6,2,0,33.3,6,2.00,74,2,8,27,11.6,50,26.0,0.0,52.0
109,32,4,29.4,10.67,0,0,0,-,1,0.33,45,0,3,16,8.9,68,37.0,0.0,54.4,936,2015-03-14,2015,03,14,,串間市総合体育館,フォレストリーヴズ熊本,PFUブルーキャッツ,中島裕二,,0,3,3,Lose,62,Home,101,49,2,48.5,16.33,5,1,0,20.0,11,3.67,74,3,6,28,12.7,42,26.0,0.0,61.9
101,49,2,48.5,16.33,5,1,0,20.0,11,3.67,74,3,6,28,12.7,42,26.0,0.0,61.9,936,2015-03-14,2015,03,14,,串間市総合体育館,PFUブルーキャッツ,フォレストリーヴズ熊本,寺廻太,金子健太郎,3,0,3,Win,62,Away,109,32,4,29.4,10.67,0,0,0,-,1,0.33,45,0,3,16,8.9,68,37.0,0.0,54.4
83,44,7,53.0,14.67,14,5,1,35.7,13,4.33,73,3,11,23,11.4,40,17.0,0.0,42.5,937,2015-03-15,2015,03,15,,黒部市総合体育センター,JTマーヴェラス,トヨタ自動車ヴァルキューレ,尾崎侯,北原勉,3,0,3,Win,62,Home,98,23,4,23.5,7.67,6,0,0,0.0,0,0.00,44,0,4,23,13.1,61,36.0,0.0,59.0
98,23,4,23.5,7.67,6,0,0,0.0,0,0.00,44,0,4,23,13.1,61,36.0,0.0,59.0,937,2015-03-15,2015,03,15,,黒部市総合体育センター,トヨタ自動車ヴァルキューレ,JTマーヴェラス,加藤信也,金子健一郎,0,3,3,Lose,62,Away,83,44,7,53.0,14.67,14,5,1,35.7,13,4.33,73,3,11,23,11.4,40,17.0,0.0,42.5
182,63,11,34.6,12.60,11,0,1,0.0,8,1.60,113,3,7,39,10.9,93,68.0,0.0,73.1,938,2015-03-15,2015,03,15,,黒部市総合体育センター,KUROBEアクアフェアリーズ,仙台ベルフィーユ,米山弘,武田一星,2,3,5,Lose,133,Home,200,79,14,39.5,15.80,1,0,0,0.0,5,1.00,113,2,19,24,6.9,105,64.0,0.0,61.0
200,79,14,39.5,15.80,1,0,0,0.0,5,1.00,113,2,19,24,6.9,105,64.0,0.0,61.0,938,2015-03-15,2015,03,15,,黒部市総合体育センター,仙台ベルフィーユ,KUROBEアクアフェアリーズ,葛和伸元,渡辺将嵩,3,2,5,Win,133,Away,182,63,11,34.6,12.60,11,0,1,0.0,8,1.60,113,3,7,39,10.9,93,68.0,0.0,73.1
128,58,10,45.3,14.50,9,3,1,33.3,12,3.00,91,4,4,29,11.7,71,51.0,0.0,71.8,939,2015-03-15,2015,03,15,,小林市市民体育館,PFUブルーキャッツ,柏エンゼルクロス,寺廻太,金子健太郎,3,1,4,Win,86,Home,142,47,13,33.1,11.75,7,1,2,14.3,7,1.75,74,2,3,18,8.2,86,54.0,0.0,62.8
142,47,13,33.1,11.75,7,1,2,14.3,7,1.75,74,2,3,18,8.2,86,54.0,0.0,62.8,939,2015-03-15,2015,03,15,,小林市市民体育館,柏エンゼルクロス,PFUブルーキャッツ,岩下忠正,飯田功也,1,3,4,Lose,86,Away,128,58,10,45.3,14.50,9,3,1,33.3,12,3.00,91,4,4,29,11.7,71,51.0,0.0,71.8
203,74,7,36.5,18.50,1,0,0,0.0,4,1.00,103,2,1,31,9.1,88,61.0,0.0,69.3,940,2015-03-15,2015,03,15,,小林市市民体育館,フォレストリーヴズ熊本,JAぎふリオレーナ,中島裕二,,3,1,4,Win,107,Home,208,74,12,35.6,18.50,16,4,3,25.0,9,2.25,98,2,10,25,8.0,102,69.0,0.0,67.6
208,74,12,35.6,18.50,16,4,3,25.0,9,2.25,98,2,10,25,8.0,102,69.0,0.0,67.6,940,2015-03-15,2015,03,15,,小林市市民体育館,JAぎふリオレーナ,フォレストリーヴズ熊本,椿本真恵,高橋昂大,1,3,4,Lose,107,Away,203,74,7,36.5,18.50,1,0,0,0.0,4,1.00,103,2,1,31,9.1,88,61.0,0.0,69.3
