AA,AP,AE,ASucc%,AP/S,BAA,BAP,BAE,BASucc%,BP,BP/S,SVA,SVP,SVE,SVx,SVEff%,RA,Rx,Rg,RSucc%,MatchNo.,Date,Year,Month,Day,Place,Venue,Team,Op.Team,Director,Coach,Win Set,Lose Set,Total Set,Win Lose,Game time,OpAA,OpAP,OpAE,OpASucc%,OpAP/S,OpBAA,OpBAP,OpBAE,OpBASucc%,OpBP,OpBP/S,OpSVA,OpSVP,OpSVE,OpSVx,OpSVEff%,OpRA,OpRx,OpRg,OpRSucc%
129,53,14,41.1,13.25,15,6,3,40.0,11,2.75,87,4,17,18,4.9,92,54.0,19.0,69.0,501,2020-10-17,2020,10,17,茨城県,アダストリアみとアリーナ,つくばユナイテッドSunGAIA,埼玉アザレア,五十嵐元,,1,3,4,Lose,97,103,54,8,52.4,13.50,9,3,1,33.3,9,2.25,99,2,7,19,5.1,69,37.0,14.0,63.8
103,54,8,52.4,13.50,9,3,1,33.3,9,2.25,99,2,7,19,5.1,69,37.0,14.0,63.8,501,2020-10-17,2020,10,17,茨城県,アダストリアみとアリーナ,埼玉アザレア,つくばユナイテッドSunGAIA,工藤晴康,岩川泰巳,3,1,4,Win,97,129,53,14,41.1,13.25,15,6,3,40.0,11,2.75,87,4,17,18,4.9,92,54.0,19.0,69.0
106,54,7,50.9,13.50,20,11,2,55.0,13,3.25,97,0,17,22,1.3,60,35.0,6.0,63.3,502,2020-10-18,2020,10,18,茨城県,アダストリアみとアリーナ,つくばユナイテッドSunGAIA,きんでんトリニティーブリッツ,五十嵐元,,3,1,4,Win,97,117,41,11,35.0,10.25,12,6,0,50.0,3,0.75,79,6,17,19,8.2,80,40.0,18.0,61.3
117,41,11,35.0,10.25,12,6,0,50.0,3,0.75,79,6,17,19,8.2,80,40.0,18.0,61.3,502,2020-10-18,2020,10,18,茨城県,アダストリアみとアリーナ,きんでんトリニティーブリッツ,つくばユナイテッドSunGAIA,今田善仁,山原健太,1,3,4,Lose,97,106,54,7,50.9,13.50,20,11,2,55.0,13,3.25,97,0,17,22,1.3,60,35.0,6.0,63.3
103,45,16,43.7,11.25,14,9,3,64.3,9,2.25,89,1,8,17,3.7,72,29.0,17.0,52.1,503,2020-10-24,2020,10,24,北海道,旭川市リアルター夢りんご体育館,長野GaRons,サフィルヴァ北海道,篠崎寛,,1,3,4,Lose,96,136,60,9,44.1,15.00,25,8,4,32.0,8,2.00,94,1,22,25,1.9,81,45.0,19.0,67.3
136,60,9,44.1,15.00,25,8,4,32.0,8,2.00,94,1,22,25,1.9,81,45.0,19.0,67.3,503,2020-10-24,2020,10,24,北海道,旭川市リアルター夢りんご体育館,サフィルヴァ北海道,長野GaRons,上杉徹,,3,1,4,Win,96,103,45,16,43.7,11.25,14,9,3,64.3,9,2.25,89,1,8,17,3.7,72,29.0,17.0,52.1
91,42,4,46.2,10.50,19,8,1,42.1,11,2.75,92,3,16,19,4.1,59,32.0,11.0,63.6,504,2020-10-24,2020,10,24,北海道,旭川市リアルター夢りんご体育館,ヴォレアス北海道,ヴィアティン三重,ｴﾄﾞｸﾗｲﾝ,中田桂太郎,3,1,4,Win,95,113,48,15,42.5,12.00,19,7,5,36.8,5,1.25,82,6,21,16,5.8,74,43.0,12.0,66.2
113,48,15,42.5,12.00,19,7,5,36.8,5,1.25,82,6,21,16,5.8,74,43.0,12.0,66.2,504,2020-10-24,2020,10,24,北海道,旭川市リアルター夢りんご体育館,ヴィアティン三重,ヴォレアス北海道,亀田吉彦,,1,3,4,Lose,95,91,42,4,46.2,10.50,19,8,1,42.1,11,2.75,92,3,16,19,4.1,59,32.0,11.0,63.6
93,42,9,45.2,14.00,10,4,3,40.0,12,4.00,73,1,7,18,5.1,54,29.0,11.0,63.9,505,2020-10-25,2020,10,25,北海道,旭川市リアルター夢りんご体育館,長野GaRons,サフィルヴァ北海道,篠崎寛,,3,0,3,Win,73,102,35,9,34.3,11.67,17,5,2,29.4,7,2.33,62,1,8,13,3.6,66,33.0,15.0,61.4
102,35,9,34.3,11.67,17,5,2,29.4,7,2.33,62,1,8,13,3.6,66,33.0,15.0,61.4,505,2020-10-25,2020,10,25,北海道,旭川市リアルター夢りんご体育館,サフィルヴァ北海道,長野GaRons,上杉徹,,0,3,3,Lose,73,93,42,9,45.2,14.00,10,4,3,40.0,12,4.00,73,1,7,18,5.1,54,29.0,11.0,63.9
70,41,4,58.6,13.67,14,10,2,71.4,11,3.67,74,7,14,16,10.1,48,22.0,14.0,60.4,506,2020-10-25,2020,10,25,北海道,旭川市リアルター夢りんご体育館,ヴォレアス北海道,ヴィアティン三重,ｴﾄﾞｸﾗｲﾝ,中田桂太郎,3,0,3,Win,69,76,29,10,38.2,9.67,11,4,1,36.4,3,1.00,55,2,6,12,6.4,58,28.0,14.0,60.3
76,29,10,38.2,9.67,11,4,1,36.4,3,1.00,55,2,6,12,6.4,58,28.0,14.0,60.3,506,2020-10-25,2020,10,25,北海道,旭川市リアルター夢りんご体育館,ヴィアティン三重,ヴォレアス北海道,亀田吉彦,,0,3,3,Lose,69,70,41,4,58.6,13.67,14,10,2,71.4,11,3.67,74,7,14,16,10.1,48,22.0,14.0,60.4
86,38,10,44.2,12.67,9,5,1,55.6,4,1.33,73,3,15,20,5.8,38,24.0,8.0,73.7,507,2020-10-31,2020,10,31,茨城県,霞ヶ浦文化体育会館,富士通カワサキレッドスピリッツ,兵庫デルフィーノ,山本道彦,廣本遥,3,0,3,Win,63,70,18,11,25.7,6.00,15,3,6,20.0,5,1.67,51,1,13,6,-1.5,57,20.0,17.0,50.0
70,18,11,25.7,6.00,15,3,6,20.0,5,1.67,51,1,13,6,-1.5,57,20.0,17.0,50.0,507,2020-10-31,2020,10,31,茨城県,霞ヶ浦文化体育会館,兵庫デルフィーノ,富士通カワサキレッドスピリッツ,岩本正吾,白川佑樹,0,3,3,Lose,63,86,38,10,44.2,12.67,9,5,1,55.6,4,1.33,73,3,15,20,5.8,38,24.0,8.0,73.7
95,51,7,53.7,17.00,16,11,2,68.8,9,3.00,74,1,13,17,2.7,54,24.0,8.0,51.9,508,2020-10-31,2020,10,31,茨城県,霞ヶ浦文化体育会館,つくばユナイテッドSunGAIA,ヴィアティン三重,五十嵐元,,3,0,3,Win,74,84,31,5,36.9,10.33,12,3,2,25.0,7,2.33,65,4,8,22,11.5,60,21.0,22.0,53.3
84,31,5,36.9,10.33,12,3,2,25.0,7,2.33,65,4,8,22,11.5,60,21.0,22.0,53.3,508,2020-10-31,2020,10,31,茨城県,霞ヶ浦文化体育会館,ヴィアティン三重,つくばユナイテッドSunGAIA,亀田吉彦,田中一彰,0,3,3,Lose,74,95,51,7,53.7,17.00,16,11,2,68.8,9,3.00,74,1,13,17,2.7,54,24.0,8.0,51.9
114,50,13,43.9,12.50,12,5,4,41.7,12,3.00,96,3,13,28,7.0,71,28.0,24.0,56.3,509,2020-11-01,2020,11,01,茨城県,霞ヶ浦文化体育会館,ヴィアティン三重,兵庫デルフィーノ,亀田吉彦,田中一彰,3,1,4,Win,100,130,44,14,33.8,11.00,21,4,7,19.0,15,3.75,86,0,15,19,1.2,83,21.0,33.0,45.2
130,44,14,33.8,11.00,21,4,7,19.0,15,3.75,86,0,15,19,1.2,83,21.0,33.0,45.2,509,2020-11-01,2020,11,01,茨城県,霞ヶ浦文化体育会館,兵庫デルフィーノ,ヴィアティン三重,岩本正吾,白川佑樹,1,3,4,Lose,100,114,50,13,43.9,12.50,12,5,4,41.7,12,3.00,96,3,13,28,7.0,71,28.0,24.0,56.3
91,38,10,41.8,12.67,20,11,2,55.0,10,3.33,61,1,10,11,2.0,68,30.0,21.0,59.6,510,2020-11-01,2020,11,01,茨城県,霞ヶ浦文化体育会館,つくばユナイテッドSunGAIA,富士通カワサキレッドスピリッツ,五十嵐元,,0,3,3,Lose,72,86,47,3,54.7,15.67,13,7,1,53.8,4,1.33,73,2,5,17,6.8,51,22.0,18.0,60.8
86,47,3,54.7,15.67,13,7,1,53.8,4,1.33,73,2,5,17,6.8,51,22.0,18.0,60.8,510,2020-11-01,2020,11,01,茨城県,霞ヶ浦文化体育会館,富士通カワサキレッドスピリッツ,つくばユナイテッドSunGAIA,山本道彦,廣本遥,3,0,3,Win,72,91,38,10,41.8,12.67,20,11,2,55.0,10,3.33,61,1,10,11,2.0,68,30.0,21.0,59.6
102,54,11,52.9,13.50,20,11,2,55.0,10,2.50,95,7,9,32,13.4,68,27.0,18.0,52.9,511,2020-11-07,2020,11,07,北海道,砂川市総合体育館,つくばユナイテッドSunGAIA,サフィルヴァ北海道,五十嵐元,,3,1,4,Win,98,104,54,6,51.9,13.50,17,6,3,35.3,9,2.25,89,4,18,23,5.9,82,26.0,24.0,46.3
104,54,6,51.9,13.50,17,6,3,35.3,9,2.25,89,4,18,23,5.9,82,26.0,24.0,46.3,511,2020-11-07,2020,11,07,北海道,砂川市総合体育館,サフィルヴァ北海道,つくばユナイテッドSunGAIA,上杉徹,,1,3,4,Lose,98,102,54,11,52.9,13.50,20,11,2,55.0,10,2.50,95,7,9,32,13.4,68,27.0,18.0,52.9
78,46,4,59.0,15.33,20,14,2,70.0,3,1.00,79,7,15,27,12.7,56,30.0,13.0,65.2,512,2020-11-07,2020,11,07,北海道,砂川市総合体育館,ヴォレアス北海道,兵庫デルフィーノ,ｴﾄﾞｸﾗｲﾝ,中田桂太郎,3,0,3,Win,78,79,37,10,46.8,12.33,15,5,6,33.3,6,2.00,68,2,12,13,3.3,63,28.0,8.0,50.8
79,37,10,46.8,12.33,15,5,6,33.3,6,2.00,68,2,12,13,3.3,63,28.0,8.0,50.8,512,2020-11-07,2020,11,07,北海道,砂川市総合体育館,兵庫デルフィーノ,ヴォレアス北海道,岩本正吾,奥田晃,0,3,3,Lose,78,78,46,4,59.0,15.33,20,14,2,70.0,3,1.00,79,7,15,27,12.7,56,30.0,13.0,65.2
65,20,8,30.8,6.67,12,2,2,16.7,6,2.00,49,0,9,6,-1.5,59,18.0,17.0,44.9,513,2020-11-08,2020,11,08,北海道,砂川市総合体育館,兵庫デルフィーノ,サフィルヴァ北海道,岩本正吾,奥田晃,0,3,3,Lose,66,74,41,7,55.4,13.67,11,3,4,27.3,11,3.67,73,5,14,24,10.3,40,19.0,15.0,66.2
74,41,7,55.4,13.67,11,3,4,27.3,11,3.67,73,5,14,24,10.3,40,19.0,15.0,66.2,513,2020-11-08,2020,11,08,北海道,砂川市総合体育館,サフィルヴァ北海道,兵庫デルフィーノ,上杉徹,,3,0,3,Win,66,65,20,8,30.8,6.67,12,2,2,16.7,6,2.00,49,0,9,6,-1.5,59,18.0,17.0,44.9
68,38,3,55.9,12.67,10,8,0,80.0,12,4.00,77,5,17,16,6.2,46,23.0,10.0,60.9,514,2020-11-08,2020,11,08,北海道,砂川市総合体育館,ヴォレアス北海道,つくばユナイテッドSunGAIA,ｴﾄﾞｸﾗｲﾝ,黒澤一成,3,0,3,Win,72,81,31,9,38.3,10.33,23,10,3,43.5,2,0.67,61,4,13,12,6.1,58,31.0,11.0,62.9
81,31,9,38.3,10.33,23,10,3,43.5,2,0.67,61,4,13,12,6.1,58,31.0,11.0,62.9,514,2020-11-08,2020,11,08,北海道,砂川市総合体育館,つくばユナイテッドSunGAIA,ヴォレアス北海道,五十嵐元,,0,3,3,Lose,72,68,38,3,55.9,12.67,10,8,0,80.0,12,4.00,77,5,17,16,6.2,46,23.0,10.0,60.9
75,28,9,37.3,9.33,11,4,3,36.4,6,2.00,62,1,10,14,3.2,57,19.0,17.0,48.2,515,2020-11-14,2020,11,14,神奈川県,川崎市スポーツ・文化総合センター,兵庫デルフィーノ,長野GaRons,岩本正吾,奥田晃,0,3,3,Lose,73,86,38,11,44.2,12.67,10,4,3,40.0,7,2.33,73,5,13,19,8.9,52,26.0,12.0,61.5
86,38,11,44.2,12.67,10,4,3,40.0,7,2.33,73,5,13,19,8.9,52,26.0,12.0,61.5,515,2020-11-14,2020,11,14,神奈川県,川崎市スポーツ・文化総合センター,長野GaRons,兵庫デルフィーノ,篠崎寛,夏目善成,3,0,3,Win,73,75,28,9,37.3,9.33,11,4,3,36.4,6,2.00,62,1,10,14,3.2,57,19.0,17.0,48.2
84,42,4,50.0,14.00,10,7,0,70.0,5,1.67,74,2,9,11,3.4,52,17.0,19.0,51.0,516,2020-11-14,2020,11,14,神奈川県,川崎市スポーツ・文化総合センター,大同特殊鋼レッドスター,きんでんトリニティーブリッツ,平野晃多,,3,0,3,Win,70,93,41,13,44.1,13.67,12,7,1,58.3,8,2.67,64,1,12,15,2.7,65,33.0,19.0,65.4
93,41,13,44.1,13.67,12,7,1,58.3,8,2.67,64,1,12,15,2.7,65,33.0,19.0,65.4,516,2020-11-14,2020,11,14,神奈川県,川崎市スポーツ・文化総合センター,きんでんトリニティーブリッツ,大同特殊鋼レッドスター,今田善仁,藤島謙裕,0,3,3,Lose,70,84,42,4,50.0,14.00,10,7,0,70.0,5,1.67,74,2,9,11,3.4,52,17.0,19.0,51.0
61,37,4,60.7,12.33,10,5,0,50.0,11,3.67,73,3,11,14,5.1,39,25.0,12.0,79.5,517,2020-11-14,2020,11,14,神奈川県,川崎市スポーツ・文化総合センター,富士通カワサキレッドスピリッツ,東京ヴェルディ,山本道彦,廣本遥,3,0,3,Win,60,76,25,13,32.9,8.33,12,3,3,25.0,3,1.00,51,1,10,2,-2.0,61,17.0,28.0,50.8
76,25,13,32.9,8.33,12,3,3,25.0,3,1.00,51,1,10,2,-2.0,61,17.0,28.0,50.8,517,2020-11-14,2020,11,14,神奈川県,川崎市スポーツ・文化総合センター,東京ヴェルディ,富士通カワサキレッドスピリッツ,瀧澤利一,檜森輝尚,0,3,3,Lose,60,61,37,4,60.7,12.33,10,5,0,50.0,11,3.67,73,3,11,14,5.1,39,25.0,12.0,79.5
102,54,7,52.9,13.50,28,17,2,60.7,7,1.75,105,11,16,29,13.6,65,31.0,15.0,59.2,518,2020-11-15,2020,11,15,神奈川県,川崎市スポーツ・文化総合センター,ヴォレアス北海道,長野GaRons,ｴﾄﾞｸﾗｲﾝ,中田桂太郎,3,1,4,Win,103,107,43,10,40.2,10.75,4,1,1,25.0,9,2.25,87,6,19,18,6.6,86,26.0,22.0,43.0
107,43,10,40.2,10.75,4,1,1,25.0,9,2.25,87,6,19,18,6.6,86,26.0,22.0,43.0,518,2020-11-15,2020,11,15,神奈川県,川崎市スポーツ・文化総合センター,長野GaRons,ヴォレアス北海道,篠崎寛,夏目善成,1,3,4,Lose,103,102,54,7,52.9,13.50,28,17,2,60.7,7,1.75,105,11,16,29,13.6,65,31.0,15.0,59.2
137,56,15,40.9,11.20,17,5,2,29.4,2,0.40,108,4,14,27,6.7,81,24.0,36.0,51.9,519,2020-11-15,2020,11,15,神奈川県,川崎市スポーツ・文化総合センター,きんでんトリニティーブリッツ,兵庫デルフィーノ,今田善仁,藤島謙裕,2,3,5,Lose,121,138,53,21,38.4,10.60,18,5,6,27.8,11,2.20,104,8,20,16,6.7,93,23.0,40.0,46.2
138,53,21,38.4,10.60,18,5,6,27.8,11,2.20,104,8,20,16,6.7,93,23.0,40.0,46.2,519,2020-11-15,2020,11,15,神奈川県,川崎市スポーツ・文化総合センター,兵庫デルフィーノ,きんでんトリニティーブリッツ,岩本正吾,奥田晃,3,2,5,Win,121,137,56,15,40.9,11.20,17,5,2,29.4,2,0.40,108,4,14,27,6.7,81,24.0,36.0,51.9
83,47,5,56.6,15.67,15,8,1,53.3,8,2.67,73,0,6,8,0.7,48,28.0,11.0,69.8,520,2020-11-15,2020,11,15,神奈川県,川崎市スポーツ・文化総合センター,富士通カワサキレッドスピリッツ,大同特殊鋼レッドスター,山本道彦,廣本遥,3,0,3,Win,66,97,44,8,45.4,14.67,16,6,3,37.5,1,0.33,60,2,11,8,2.1,67,43.0,16.0,76.1
97,44,8,45.4,14.67,16,6,3,37.5,1,0.33,60,2,11,8,2.1,67,43.0,16.0,76.1,520,2020-11-15,2020,11,15,神奈川県,川崎市スポーツ・文化総合センター,大同特殊鋼レッドスター,富士通カワサキレッドスピリッツ,平野晃多,,0,3,3,Lose,66,83,47,5,56.6,15.67,15,8,1,53.3,8,2.67,73,0,6,8,0.7,48,28.0,11.0,69.8
126,57,8,45.2,14.25,7,3,2,42.9,12,3.00,97,5,16,18,5.7,73,40.0,15.0,65.1,521,2020-11-21,2020,11,21,長野県,須坂市市民体育館,長野GaRons,ヴィアティン三重,篠崎寛,,3,1,4,Win,105,136,55,8,40.4,13.75,25,8,4,32.0,3,0.75,88,3,14,18,4.5,78,40.0,20.0,64.1
136,55,8,40.4,13.75,25,8,4,32.0,3,0.75,88,3,14,18,4.5,78,40.0,20.0,64.1,521,2020-11-21,2020,11,21,長野県,須坂市市民体育館,ヴィアティン三重,長野GaRons,亀田吉彦,田中一彰,1,3,4,Lose,105,126,57,8,45.2,14.25,7,3,2,42.9,12,3.00,97,5,16,18,5.7,73,40.0,15.0,65.1
111,49,14,44.1,12.25,14,4,3,28.6,11,2.75,100,3,13,36,8.8,61,32.0,5.0,56.6,522,2020-11-21,2020,11,21,長野県,須坂市市民体育館,東京ヴェルディ,サフィルヴァ北海道,瀧澤利一,檜森輝尚,3,1,4,Win,100,121,49,7,40.5,12.25,14,3,1,21.4,6,1.50,88,1,27,24,0.3,86,35.0,15.0,49.4
121,49,7,40.5,12.25,14,3,1,21.4,6,1.50,88,1,27,24,0.3,86,35.0,15.0,49.4,522,2020-11-21,2020,11,21,長野県,須坂市市民体育館,サフィルヴァ北海道,東京ヴェルディ,上杉徹,青島賢司,1,3,4,Lose,100,111,49,14,44.1,12.25,14,4,3,28.6,11,2.75,100,3,13,36,8.8,61,32.0,5.0,56.6
90,40,7,44.4,13.33,6,5,0,83.3,12,4.00,73,1,6,26,8.2,51,30.0,10.0,68.6,525,2020-11-22,2020,11,22,長野県,須坂市市民体育館,長野GaRons,東京ヴェルディ,篠崎寛,,3,0,3,Win,70,106,36,9,34.0,12.00,18,7,2,38.9,5,1.67,61,1,10,11,2.0,66,22.0,18.0,47.0
106,36,9,34.0,12.00,18,7,2,38.9,5,1.67,61,1,10,11,2.0,66,22.0,18.0,47.0,525,2020-11-22,2020,11,22,長野県,須坂市市民体育館,東京ヴェルディ,長野GaRons,瀧澤利一,檜森輝尚,0,3,3,Lose,70,90,40,7,44.4,13.33,6,5,0,83.3,12,4.00,73,1,6,26,8.2,51,30.0,10.0,68.6
62,30,6,48.4,10.00,6,1,2,16.7,10,3.33,76,7,15,18,10.2,44,24.0,9.0,64.8,526,2020-11-22,2020,11,22,長野県,須坂市市民体育館,ヴィアティン三重,サフィルヴァ北海道,亀田吉彦,田中一彰,3,0,3,Win,71,76,36,5,47.4,12.00,14,6,3,42.9,5,1.67,68,2,24,11,-1.8,60,33.0,9.0,62.5
76,36,5,47.4,12.00,14,6,3,42.9,5,1.67,68,2,24,11,-1.8,60,33.0,9.0,62.5,526,2020-11-22,2020,11,22,長野県,須坂市市民体育館,サフィルヴァ北海道,ヴィアティン三重,上杉徹,青島賢司,0,3,3,Lose,71,62,30,6,48.4,10.00,6,1,2,16.7,10,3.33,76,7,15,18,10.2,44,24.0,9.0,64.8
124,59,7,47.6,14.75,21,12,0,57.1,1,0.25,86,1,10,8,0.6,83,29.0,36.0,56.6,523,2020-11-21,2020,11,21,宮崎県,早水公園体育文化センター,大同特殊鋼レッドスター,富士通カワサキレッドスピリッツ,平野晃多,,1,3,4,Lose,89,124,65,12,52.4,16.25,22,9,6,40.9,8,2.00,94,1,11,17,2.7,76,43.0,24.0,72.4
124,65,12,52.4,16.25,22,9,6,40.9,8,2.00,94,1,11,17,2.7,76,43.0,24.0,72.4,523,2020-11-21,2020,11,21,宮崎県,早水公園体育文化センター,富士通カワサキレッドスピリッツ,大同特殊鋼レッドスター,山本道彦,廣本遥,3,1,4,Win,89,124,59,7,47.6,14.75,21,12,0,57.1,1,0.25,86,1,10,8,0.6,83,29.0,36.0,56.6
74,46,5,62.2,15.33,14,9,1,64.3,4,1.33,74,7,21,25,10.8,41,13.0,15.0,50.0,524,2020-11-21,2020,11,21,宮崎県,早水公園体育文化センター,ヴォレアス北海道,きんでんトリニティーブリッツ,ｴﾄﾞｸﾗｲﾝ,中田桂太郎,3,0,3,Win,65,59,26,3,44.1,8.67,10,5,1,50.0,1,0.33,56,1,15,13,0.9,52,17.0,10.0,42.3
59,26,3,44.1,8.67,10,5,1,50.0,1,0.33,56,1,15,13,0.9,52,17.0,10.0,42.3,524,2020-11-21,2020,11,21,宮崎県,早水公園体育文化センター,きんでんトリニティーブリッツ,ヴォレアス北海道,今田善仁,藤島謙裕,0,3,3,Lose,65,74,46,5,62.2,15.33,14,9,1,64.3,4,1.33,74,7,21,25,10.8,41,13.0,15.0,50.0
92,48,6,52.2,16.00,9,4,0,44.4,4,1.33,73,3,10,15,5.8,48,21.0,11.0,55.2,527,2020-11-22,2020,11,22,宮崎県,早水公園体育文化センター,大同特殊鋼レッドスター,ヴォレアス北海道,平野晃多,,3,0,3,Win,74,84,32,3,38.1,10.67,12,5,0,41.7,7,2.33,63,4,14,16,7.1,62,26.0,21.0,58.9
84,32,3,38.1,10.67,12,5,0,41.7,7,2.33,63,4,14,16,7.1,62,26.0,21.0,58.9,527,2020-11-22,2020,11,22,宮崎県,早水公園体育文化センター,ヴォレアス北海道,大同特殊鋼レッドスター,ｴﾄﾞｸﾗｲﾝ,中田桂太郎,0,3,3,Lose,74,92,48,6,52.2,16.00,9,4,0,44.4,4,1.33,73,3,10,15,5.8,48,21.0,11.0,55.2
91,42,3,46.2,14.00,13,5,2,38.5,9,3.00,73,5,8,21,11.3,47,24.0,11.0,62.8,528,2020-11-22,2020,11,22,宮崎県,早水公園体育文化センター,富士通カワサキレッドスピリッツ,きんでんトリニティーブリッツ,山本道彦,廣本遥,3,0,3,Win,68,95,38,7,40.0,12.67,21,10,2,47.6,2,0.67,59,3,10,12,5.9,65,31.0,13.0,57.7
95,38,7,40.0,12.67,21,10,2,47.6,2,0.67,59,3,10,12,5.9,65,31.0,13.0,57.7,528,2020-11-22,2020,11,22,宮崎県,早水公園体育文化センター,きんでんトリニティーブリッツ,富士通カワサキレッドスピリッツ,今田善仁,藤島謙裕,0,3,3,Lose,68,91,42,3,46.2,14.00,13,5,2,38.5,9,3.00,73,5,8,21,11.3,47,24.0,11.0,62.8
69,30,6,43.5,10.00,10,7,2,70.0,3,1.00,63,2,13,8,1.2,60,21.0,15.0,47.5,529,2020-11-28,2020,11,28,北海道,北ガスアリーナ札幌46,サフィルヴァ北海道,ヴォレアス北海道,上杉徹,小林準,0,3,3,Lose,75,80,42,10,52.5,14.00,13,5,5,38.5,10,3.33,76,3,15,22,6.2,50,27.0,13.0,67.0
80,42,10,52.5,14.00,13,5,5,38.5,10,3.33,76,3,15,22,6.2,50,27.0,13.0,67.0,529,2020-11-28,2020,11,28,北海道,北ガスアリーナ札幌46,ヴォレアス北海道,サフィルヴァ北海道,ｴﾄﾞｸﾗｲﾝ,中田桂太郎,3,0,3,Win,75,69,30,6,43.5,10.00,10,7,2,70.0,3,1.00,63,2,13,8,1.2,60,21.0,15.0,47.5
79,28,13,35.4,9.33,17,2,6,11.8,3,1.00,54,1,14,5,-2.3,57,11.0,12.0,29.8,533,2020-11-29,2020,11,29,北海道,北ガスアリーナ札幌46,サフィルヴァ北海道,ヴォレアス北海道,上杉徹,小林準,0,3,3,Lose,74,66,28,2,42.4,9.33,9,4,1,44.4,11,3.67,74,5,16,34,12.8,40,24.0,10.0,72.5
66,28,2,42.4,9.33,9,4,1,44.4,11,3.67,74,5,16,34,12.8,40,24.0,10.0,72.5,533,2020-11-29,2020,11,29,北海道,北ガスアリーナ札幌46,ヴォレアス北海道,サフィルヴァ北海道,ｴﾄﾞｸﾗｲﾝ,中田桂太郎,3,0,3,Win,74,79,28,13,35.4,9.33,17,2,6,11.8,3,1.00,54,1,14,5,-2.3,57,11.0,12.0,29.8
122,43,13,35.2,10.75,14,7,2,50.0,5,1.25,77,2,8,21,6.8,79,31.0,21.0,52.5,530,2020-11-28,2020,11,28,埼玉県,坂戸市民総合公園体育館,埼玉アザレア,富士通カワサキレッドスピリッツ,工藤晴康,岩川泰巳,1,3,4,Lose,98,109,62,6,56.9,15.50,12,5,2,41.7,10,2.50,95,1,16,27,3.9,69,23.0,25.0,51.4
109,62,6,56.9,15.50,12,5,2,41.7,10,2.50,95,1,16,27,3.9,69,23.0,25.0,51.4,530,2020-11-28,2020,11,28,埼玉県,坂戸市民総合公園体育館,富士通カワサキレッドスピリッツ,埼玉アザレア,山本道彦,廣本遥,3,1,4,Win,98,122,43,13,35.2,10.75,14,7,2,50.0,5,1.25,77,2,8,21,6.8,79,31.0,21.0,52.5
88,40,7,45.5,13.33,16,8,3,50.0,7,2.33,70,4,6,12,7.9,75,35.0,12.0,54.7,534,2020-11-29,2020,11,29,埼玉県,坂戸市民総合公園体育館,埼玉アザレア,富士通カワサキレッドスピリッツ,工藤晴康,岩川泰巳,0,3,3,Lose,80,91,51,9,56.0,17.00,13,9,1,69.2,13,4.33,81,4,5,25,11.1,63,32.0,16.0,63.5
91,51,9,56.0,17.00,13,9,1,69.2,13,4.33,81,4,5,25,11.1,63,32.0,16.0,63.5,534,2020-11-29,2020,11,29,埼玉県,坂戸市民総合公園体育館,富士通カワサキレッドスピリッツ,埼玉アザレア,山本道彦,廣本遥,3,0,3,Win,80,88,40,7,45.5,13.33,16,8,3,50.0,7,2.33,70,4,6,12,7.9,75,35.0,12.0,54.7
108,48,10,44.4,12.00,16,9,2,56.2,9,2.25,90,7,14,22,10.0,80,24.0,36.0,52.5,531,2020-11-28,2020,11,28,東京都,多摩市立総合体育館,きんでんトリニティーブリッツ,長野GaRons,今田善仁,藤島謙裕,1,3,4,Lose,90,117,54,8,46.2,13.50,9,3,0,33.3,12,3.00,96,5,14,17,6.0,73,15.0,32.0,42.5
117,54,8,46.2,13.50,9,3,0,33.3,12,3.00,96,5,14,17,6.0,73,15.0,32.0,42.5,531,2020-11-28,2020,11,28,東京都,多摩市立総合体育館,長野GaRons,きんでんトリニティーブリッツ,篠崎寛,,3,1,4,Win,90,108,48,10,44.4,12.00,16,9,2,56.2,9,2.25,90,7,14,22,10.0,80,24.0,36.0,52.5
144,56,15,38.9,11.20,24,9,3,37.5,15,3.00,97,2,11,23,5.2,96,31.0,36.0,51.0,532,2020-11-28,2020,11,28,東京都,多摩市立総合体育館,東京ヴェルディ,つくばユナイテッドSunGAIA,瀧澤利一,檜森輝尚,3,2,5,Win,113,141,66,10,46.8,13.20,20,5,3,25.0,11,2.20,108,1,12,28,4.6,86,34.0,27.0,55.2
141,66,10,46.8,13.20,20,5,3,25.0,11,2.20,108,1,12,28,4.6,86,34.0,27.0,55.2,532,2020-11-28,2020,11,28,東京都,多摩市立総合体育館,つくばユナイテッドSunGAIA,東京ヴェルディ,五十嵐元,,2,3,5,Lose,113,144,56,15,38.9,11.20,24,9,3,37.5,15,3.00,97,2,11,23,5.2,96,31.0,36.0,51.0
131,54,9,41.2,13.50,15,6,2,40.0,10,2.50,95,4,10,22,7.4,75,37.0,25.0,66.0,535,2020-11-29,2020,11,29,東京都,多摩市立総合体育館,つくばユナイテッドSunGAIA,長野GaRons,五十嵐元,,1,3,4,Lose,100,136,60,10,44.1,15.00,16,10,0,62.5,7,1.75,94,5,16,13,4.5,83,31.0,29.0,54.8
136,60,10,44.1,15.00,16,10,0,62.5,7,1.75,94,5,16,13,4.5,83,31.0,29.0,54.8,535,2020-11-29,2020,11,29,東京都,多摩市立総合体育館,長野GaRons,つくばユナイテッドSunGAIA,篠崎寛,,3,1,4,Win,100,131,54,9,41.2,13.50,15,6,2,40.0,10,2.50,95,4,10,22,7.4,75,37.0,25.0,66.0
110,54,7,49.1,13.50,22,11,2,50.0,6,1.50,91,3,14,21,5.2,67,33.0,13.0,59.0,536,2020-11-29,2020,11,29,東京都,多摩市立総合体育館,東京ヴェルディ,きんでんトリニティーブリッツ,瀧澤利一,檜森輝尚,3,1,4,Win,91,116,49,11,42.2,12.25,26,9,4,34.6,5,1.25,83,5,15,17,6.6,76,38.0,15.0,59.9
116,49,11,42.2,12.25,26,9,4,34.6,5,1.25,83,5,15,17,6.6,76,38.0,15.0,59.9,536,2020-11-29,2020,11,29,東京都,多摩市立総合体育館,きんでんトリニティーブリッツ,東京ヴェルディ,今田善仁,藤島謙裕,1,3,4,Lose,91,110,54,7,49.1,13.50,22,11,2,50.0,6,1.50,91,3,14,21,5.2,67,33.0,13.0,59.0
76,43,5,56.6,14.33,9,5,0,55.6,4,1.33,74,2,8,24,8.1,43,29.0,9.0,77.9,537,2020-12-05,2020,12,05,北海道,旭川市リアルター夢りんご体育館,大同特殊鋼レッドスター,兵庫デルフィーノ,平野晃多,,3,0,3,Win,64,73,34,7,46.6,11.33,12,3,1,25.0,7,2.33,56,1,13,4,-2.2,65,24.0,17.0,50.0
73,34,7,46.6,11.33,12,3,1,25.0,7,2.33,56,1,13,4,-2.2,65,24.0,17.0,50.0,537,2020-12-05,2020,12,05,北海道,旭川市リアルター夢りんご体育館,兵庫デルフィーノ,大同特殊鋼レッドスター,岩本正吾,奥田晃,0,3,3,Lose,64,76,43,5,56.6,14.33,9,5,0,55.6,4,1.33,74,2,8,24,8.1,43,29.0,9.0,77.9
111,53,8,47.7,13.25,24,11,3,45.8,11,2.75,89,6,23,29,8.4,78,46.0,13.0,67.3,538,2020-12-05,2020,12,05,北海道,旭川市リアルター夢りんご体育館,ヴォレアス北海道,埼玉アザレア,ｴﾄﾞｸﾗｲﾝ,中田桂太郎,3,1,4,Win,90,94,47,8,50.0,11.75,11,7,1,63.6,8,2.00,90,2,11,19,4.4,63,23.0,11.0,45.2
94,47,8,50.0,11.75,11,7,1,63.6,8,2.00,90,2,11,19,4.4,63,23.0,11.0,45.2,538,2020-12-05,2020,12,05,北海道,旭川市リアルター夢りんご体育館,埼玉アザレア,ヴォレアス北海道,工藤晴康,,1,3,4,Lose,90,111,53,8,47.7,13.25,24,11,3,45.8,11,2.75,89,6,23,29,8.4,78,46.0,13.0,67.3
120,51,14,42.5,12.75,15,3,3,20.0,10,2.50,97,3,8,20,6.2,68,34.0,15.0,61.0,541,2020-12-06,2020,12,06,北海道,旭川市リアルター夢りんご体育館,埼玉アザレア,兵庫デルフィーノ,工藤晴康,,3,1,4,Win,93,139,47,15,33.8,11.75,22,7,4,31.8,5,1.25,80,2,12,17,4.1,87,42.0,25.0,62.6
139,47,15,33.8,11.75,22,7,4,31.8,5,1.25,80,2,12,17,4.1,87,42.0,25.0,62.6,541,2020-12-06,2020,12,06,北海道,旭川市リアルター夢りんご体育館,兵庫デルフィーノ,埼玉アザレア,岩本正吾,白川佑樹,1,3,4,Lose,93,120,51,14,42.5,12.75,15,3,3,20.0,10,2.50,97,3,8,20,6.2,68,34.0,15.0,61.0
69,39,6,56.5,13.00,16,8,2,50.0,10,3.33,73,7,16,19,10.6,45,30.0,6.0,73.3,542,2020-12-06,2020,12,06,北海道,旭川市リアルター夢りんご体育館,ヴォレアス北海道,大同特殊鋼レッドスター,ｴﾄﾞｸﾗｲﾝ,中田桂太郎,3,0,3,Win,68,71,21,7,29.6,7.00,9,5,1,55.6,5,1.67,55,2,9,9,3.6,54,26.0,9.0,56.5
71,21,7,29.6,7.00,9,5,1,55.6,5,1.67,55,2,9,9,3.6,54,26.0,9.0,56.5,542,2020-12-06,2020,12,06,北海道,旭川市リアルター夢りんご体育館,大同特殊鋼レッドスター,ヴォレアス北海道,平野晃多,,0,3,3,Lose,68,69,39,6,56.5,13.00,16,8,2,50.0,10,3.33,73,7,16,19,10.6,45,30.0,6.0,73.3
81,42,6,51.9,14.00,21,11,3,52.4,8,2.67,74,1,8,23,6.4,46,12.0,12.0,39.1,539,2020-12-05,2020,12,05,奈良県,大和郡山市総合公園多目的体育館,富士通カワサキレッドスピリッツ,サフィルヴァ北海道,山本道彦,廣本遥,3,0,3,Win,76,93,40,3,43.0,13.33,16,5,0,31.2,3,1.00,65,2,18,22,4.6,66,18.0,25.0,46.2
93,40,3,43.0,13.33,16,5,0,31.2,3,1.00,65,2,18,22,4.6,66,18.0,25.0,46.2,539,2020-12-05,2020,12,05,奈良県,大和郡山市総合公園多目的体育館,サフィルヴァ北海道,富士通カワサキレッドスピリッツ,上杉徹,小林準,0,3,3,Lose,76,81,42,6,51.9,14.00,21,11,3,52.4,8,2.67,74,1,8,23,6.4,46,12.0,12.0,39.1
108,50,10,46.3,12.50,22,14,2,63.6,14,3.50,95,2,18,17,1.8,62,28.0,21.0,62.1,540,2020-12-05,2020,12,05,奈良県,大和郡山市総合公園多目的体育館,きんでんトリニティーブリッツ,東京ヴェルディ,今田善仁,藤島謙裕,3,1,4,Win,91,112,44,9,39.3,11.00,23,13,3,56.5,4,1.00,77,0,15,13,-0.6,76,35.0,24.0,61.8
112,44,9,39.3,11.00,23,13,3,56.5,4,1.00,77,0,15,13,-0.6,76,35.0,24.0,61.8,540,2020-12-05,2020,12,05,奈良県,大和郡山市総合公園多目的体育館,東京ヴェルディ,きんでんトリニティーブリッツ,瀧澤利一,檜森輝尚,1,3,4,Lose,91,108,50,10,46.3,12.50,22,14,2,63.6,14,3.50,95,2,18,17,1.8,62,28.0,21.0,62.1
104,47,7,45.2,11.75,18,6,2,33.3,12,3.00,94,3,10,19,5.6,69,13.0,25.0,37.0,543,2020-12-06,2020,12,06,奈良県,大和郡山市総合公園多目的体育館,東京ヴェルディ,サフィルヴァ北海道,瀧澤利一,檜森輝尚,3,1,4,Win,95,135,55,15,40.7,13.75,29,10,5,34.5,8,2.00,87,3,17,29,6.9,82,33.0,29.0,57.9
135,55,15,40.7,13.75,29,10,5,34.5,8,2.00,87,3,17,29,6.9,82,33.0,29.0,57.9,543,2020-12-06,2020,12,06,奈良県,大和郡山市総合公園多目的体育館,サフィルヴァ北海道,東京ヴェルディ,上杉徹,小林準,1,3,4,Lose,95,104,47,7,45.2,11.75,18,6,2,33.3,12,3.00,94,3,10,19,5.6,69,13.0,25.0,37.0
75,29,4,38.7,9.67,14,2,1,14.3,5,1.67,55,2,9,6,2.3,60,30.0,16.0,63.3,544,2020-12-06,2020,12,06,奈良県,大和郡山市総合公園多目的体育館,きんでんトリニティーブリッツ,富士通カワサキレッドスピリッツ,今田善仁,藤島謙裕,0,3,3,Lose,65,78,47,3,60.3,15.67,16,9,3,56.2,11,3.67,74,2,12,14,3.4,46,24.0,14.0,67.4
78,47,3,60.3,15.67,16,9,3,56.2,11,3.67,74,2,12,14,3.4,46,24.0,14.0,67.4,544,2020-12-06,2020,12,06,奈良県,大和郡山市総合公園多目的体育館,富士通カワサキレッドスピリッツ,きんでんトリニティーブリッツ,山本道彦,廣本遥,3,0,3,Win,65,75,29,4,38.7,9.67,14,2,1,14.3,5,1.67,55,2,9,6,2.3,60,30.0,16.0,63.3
79,42,7,53.2,14.00,12,5,3,41.7,7,2.33,74,1,3,20,7.1,48,25.0,10.0,62.5,545,2020-12-19,2020,12,19,埼玉県,三郷市総合体育館,埼玉アザレア,長野GaRons,工藤晴康,,3,0,3,Win,68,97,46,8,47.4,15.33,15,8,1,53.3,3,1.00,62,1,14,13,1.2,70,30.0,20.0,57.1
97,46,8,47.4,15.33,15,8,1,53.3,3,1.00,62,1,14,13,1.2,70,30.0,20.0,57.1,545,2020-12-19,2020,12,19,埼玉県,三郷市総合体育館,長野GaRons,埼玉アザレア,篠崎寛,,0,3,3,Lose,68,79,42,7,53.2,14.00,12,5,3,41.7,7,2.33,74,1,3,20,7.1,48,25.0,10.0,62.5
93,33,6,35.5,11.00,8,3,1,37.5,13,4.33,78,1,5,19,5.8,56,22.0,14.0,51.8,548,2020-12-20,2020,12,20,埼玉県,三郷市総合体育館,埼玉アザレア,つくばユナイテッドSunGAIA,工藤晴康,,3,0,3,Win,92,119,52,11,43.7,17.33,33,15,5,45.5,5,1.67,76,5,17,19,7.2,73,39.0,15.0,63.7
119,52,11,43.7,17.33,33,15,5,45.5,5,1.67,76,5,17,19,7.2,73,39.0,15.0,63.7,548,2020-12-20,2020,12,20,埼玉県,三郷市総合体育館,つくばユナイテッドSunGAIA,埼玉アザレア,五十嵐元,,0,3,3,Lose,92,93,33,6,35.5,11.00,8,3,1,37.5,13,4.33,78,1,5,19,5.8,56,22.0,14.0,51.8
154,64,18,41.6,12.80,18,7,4,38.9,13,2.60,112,1,13,32,5.1,87,41.0,21.0,59.2,546,2020-12-19,2020,12,19,三重県四日市市,四日市市総合体育館,東京ヴェルディ,兵庫デルフィーノ,瀧澤利一,檜森輝尚,3,2,5,Win,118,149,60,16,40.3,12.00,21,3,7,14.3,10,2.00,102,0,15,25,2.5,99,34.0,33.0,51.0
149,60,16,40.3,12.00,21,3,7,14.3,10,2.00,102,0,15,25,2.5,99,34.0,33.0,51.0,546,2020-12-19,2020,12,19,三重県四日市市,四日市市総合体育館,兵庫デルフィーノ,東京ヴェルディ,岩本正吾,長谷川匡,2,3,5,Lose,118,154,64,18,41.6,12.80,18,7,4,38.9,13,2.60,112,1,13,32,5.1,87,41.0,21.0,59.2
147,70,8,47.6,14.00,18,13,1,72.2,6,1.20,105,3,11,10,2.6,93,60.0,19.0,74.7,547,2020-12-19,2020,12,19,三重県四日市市,四日市市総合体育館,ヴィアティン三重,大同特殊鋼レッドスター,中尾聡,田中一彰,2,3,5,Lose,108,145,71,13,49.0,14.20,8,3,1,37.5,12,2.40,106,4,11,12,4.0,93,56.0,25.0,73.7
145,71,13,49.0,14.20,8,3,1,37.5,12,2.40,106,4,11,12,4.0,93,56.0,25.0,73.7,547,2020-12-19,2020,12,19,三重県四日市市,四日市市総合体育館,大同特殊鋼レッドスター,ヴィアティン三重,平野晃多,,3,2,5,Win,108,147,70,8,47.6,14.00,18,13,1,72.2,6,1.20,105,3,11,10,2.6,93,60.0,19.0,74.7
82,39,6,47.6,13.00,14,5,2,35.7,11,3.67,78,2,10,17,4.8,54,27.0,19.0,67.6,549,2020-12-20,2020,12,20,三重県四日市市,四日市市総合体育館,東京ヴェルディ,兵庫デルフィーノ,瀧澤利一,檜森輝尚,3,0,3,Win,81,96,43,7,44.8,14.33,14,8,1,57.1,4,1.33,69,2,13,8,1.1,66,26.0,22.0,56.1
96,43,7,44.8,14.33,14,8,1,57.1,4,1.33,69,2,13,8,1.1,66,26.0,22.0,56.1,549,2020-12-20,2020,12,20,三重県四日市市,四日市市総合体育館,兵庫デルフィーノ,東京ヴェルディ,岩本正吾,長谷川匡,0,3,3,Lose,81,82,39,6,47.6,13.00,14,5,2,35.7,11,3.67,78,2,10,17,4.8,54,27.0,19.0,67.6
119,61,7,51.3,15.25,23,7,3,30.4,9,2.25,92,3,13,7,1.6,83,40.0,29.0,65.7,550,2020-12-20,2020,12,20,三重県四日市市,四日市市総合体育館,ヴィアティン三重,大同特殊鋼レッドスター,中尾聡,田中一彰,1,3,4,Lose,89,125,61,10,48.8,15.25,18,8,4,44.4,7,1.75,91,2,7,13,3.8,78,36.0,33.0,67.3
125,61,10,48.8,15.25,18,8,4,44.4,7,1.75,91,2,7,13,3.8,78,36.0,33.0,67.3,550,2020-12-20,2020,12,20,三重県四日市市,四日市市総合体育館,大同特殊鋼レッドスター,ヴィアティン三重,平野晃多,,3,1,4,Win,89,119,61,7,51.3,15.25,23,7,3,30.4,9,2.25,92,3,13,7,1.6,83,40.0,29.0,65.7
156,59,9,37.8,14.75,22,12,2,54.5,9,2.25,88,3,10,25,7.7,85,42.0,34.0,69.4,553,2021-02-28,2021,02,28,三重県,津市久居総合体育館,ヴィアティン三重,埼玉アザレア,亀田吉彦,田中一彰,1,3,4,Lose,102,135,53,12,39.3,13.25,16,6,4,37.5,15,3.75,89,3,3,8,4.8,76,28.0,22.0,51.3
135,53,12,39.3,13.25,16,6,4,37.5,15,3.75,89,3,3,8,4.8,76,28.0,22.0,51.3,553,2021-02-28,2021,02,28,三重県,津市久居総合体育館,埼玉アザレア,ヴィアティン三重,工藤晴康,切山雄樹,3,1,4,Win,102,156,59,9,37.8,14.75,22,12,2,54.5,9,2.25,88,3,10,25,7.7,85,42.0,34.0,69.4
96,44,13,45.8,14.67,19,9,4,47.4,7,2.33,73,3,7,23,9.6,47,23.0,9.0,58.5,557,2021-01-16,2021,01,16,茨城県,つくばカピオ,富士通カワサキレッドスピリッツ,東京ヴェルディ,山本道彦,廣本遥,3,0,3,Win,68,79,27,6,34.2,9.00,25,9,4,36.0,6,2.00,59,4,10,15,8.9,65,30.0,12.0,55.4
79,27,6,34.2,9.00,25,9,4,36.0,6,2.00,59,4,10,15,8.9,65,30.0,12.0,55.4,557,2021-01-16,2021,01,16,茨城県,つくばカピオ,東京ヴェルディ,富士通カワサキレッドスピリッツ,瀧澤利一,檜森輝尚,0,3,3,Lose,68,96,44,13,45.8,14.67,19,9,4,47.4,7,2.33,73,3,7,23,9.6,47,23.0,9.0,58.5
124,61,11,49.2,15.25,13,6,2,46.2,6,1.50,96,3,15,21,4.7,68,35.0,11.0,59.6,558,2021-01-16,2021,01,16,茨城県,つくばカピオ,つくばユナイテッドSunGAIA,大同特殊鋼レッドスター,五十嵐元,,3,1,4,Win,89,128,48,13,37.5,12.00,17,6,5,35.3,5,1.25,83,3,12,22,6.6,81,42.0,18.0,63.0
128,48,13,37.5,12.00,17,6,5,35.3,5,1.25,83,3,12,22,6.6,81,42.0,18.0,63.0,558,2021-01-16,2021,01,16,茨城県,つくばカピオ,大同特殊鋼レッドスター,つくばユナイテッドSunGAIA,平野晃多,,1,3,4,Lose,89,124,61,11,49.2,15.25,13,6,2,46.2,6,1.50,96,3,15,21,4.7,68,35.0,11.0,59.6
92,49,6,53.3,16.33,12,3,3,25.0,6,2.00,73,3,8,20,8.2,53,27.0,12.0,62.3,561,2021-01-17,2021,01,17,茨城県,つくばカピオ,つくばユナイテッドSunGAIA,東京ヴェルディ,五十嵐元,,3,0,3,Win,71,90,43,5,47.8,14.33,20,8,2,40.0,3,1.00,64,0,11,14,1.2,64,24.0,20.0,53.1
90,43,5,47.8,14.33,20,8,2,40.0,3,1.00,64,0,11,14,1.2,64,24.0,20.0,53.1,561,2021-01-17,2021,01,17,茨城県,つくばカピオ,東京ヴェルディ,つくばユナイテッドSunGAIA,瀧澤利一,檜森輝尚,0,3,3,Lose,71,92,49,6,53.3,16.33,12,3,3,25.0,6,2.00,73,3,8,20,8.2,53,27.0,12.0,62.3
105,40,11,38.1,13.33,9,2,1,22.2,4,1.33,59,2,11,17,5.9,70,41.0,13.0,67.9,559,2021-01-16,2021,01,16,長野県,須坂市市民体育館,長野GaRons,ヴィアティン三重,篠崎寛,,0,3,3,Lose,71,86,36,7,41.9,12.00,15,8,1,53.3,12,4.00,74,1,4,16,5.4,48,19.0,12.0,52.1
86,36,7,41.9,12.00,15,8,1,53.3,12,4.00,74,1,4,16,5.4,48,19.0,12.0,52.1,559,2021-01-16,2021,01,16,長野県,須坂市市民体育館,ヴィアティン三重,長野GaRons,亀田吉彦,,3,0,3,Win,71,105,40,11,38.1,13.33,9,2,1,22.2,4,1.33,59,2,11,17,5.9,70,41.0,13.0,67.9
111,58,7,52.3,14.50,18,9,3,50.0,13,3.25,96,2,17,23,3.6,67,31.0,15.0,57.5,565,2021-01-23,2021,01,23,東京都,立川市泉市民体育館,富士通カワサキレッドスピリッツ,長野GaRons,山本道彦,廣本遥,3,1,4,Win,91,99,41,11,41.4,10.25,16,8,4,50.0,6,1.50,79,2,11,20,5.4,78,38.0,16.0,59.0
99,41,11,41.4,10.25,16,8,4,50.0,6,1.50,79,2,11,20,5.4,78,38.0,16.0,59.0,565,2021-01-23,2021,01,23,東京都,立川市泉市民体育館,長野GaRons,富士通カワサキレッドスピリッツ,篠崎寛,,1,3,4,Lose,91,111,58,7,52.3,14.50,18,9,3,50.0,13,3.25,96,2,17,23,3.6,67,31.0,15.0,57.5
118,60,8,50.8,15.00,18,10,2,55.6,12,3.00,97,2,7,22,5.9,78,36.0,20.0,59.0,570,2021-01-24,2021,01,24,東京都,立川市泉市民体育館,富士通カワサキレッドスピリッツ,ヴィアティン三重,山本道彦,廣本遥,3,1,4,Win,100,136,55,14,40.4,13.75,8,3,2,37.5,3,0.75,85,5,6,19,9.7,89,34.0,32.0,56.2
136,55,14,40.4,13.75,8,3,2,37.5,3,0.75,85,5,6,19,9.7,89,34.0,32.0,56.2,570,2021-01-24,2021,01,24,東京都,立川市泉市民体育館,ヴィアティン三重,富士通カワサキレッドスピリッツ,亀田吉彦,,1,3,4,Lose,100,118,60,8,50.8,15.00,18,10,2,55.6,12,3.00,97,2,7,22,5.9,78,36.0,20.0,59.0
85,26,5,30.6,8.67,10,4,1,40.0,2,0.67,52,2,9,15,6.7,63,24.0,24.0,57.1,567,2021-01-23,2021,01,23,兵庫県,西脇市総合市民センター,兵庫デルフィーノ,つくばユナイテッドSunGAIA,岩本正吾,長谷川匡,0,3,3,Lose,66,78,42,6,53.8,14.00,8,4,1,50.0,12,4.00,73,3,10,15,5.8,41,18.0,8.0,53.7
78,42,6,53.8,14.00,8,4,1,50.0,12,4.00,73,3,10,15,5.8,41,18.0,8.0,53.7,567,2021-01-23,2021,01,23,兵庫県,西脇市総合市民センター,つくばユナイテッドSunGAIA,兵庫デルフィーノ,五十嵐元,,3,0,3,Win,66,85,26,5,30.6,8.67,10,4,1,40.0,2,0.67,52,2,9,15,6.7,63,24.0,24.0,57.1
79,38,10,48.1,12.67,14,7,4,50.0,1,0.33,51,2,8,18,8.8,67,25.0,10.0,44.8,572,2021-01-24,2021,01,24,兵庫県,西脇市総合市民センター,兵庫デルフィーノ,埼玉アザレア,岩本正吾,長谷川匡,0,3,3,Lose,66,75,44,3,58.7,14.67,13,9,2,69.2,6,2.00,73,6,4,38,19.9,42,26.0,2.0,64.3
75,44,3,58.7,14.67,13,9,2,69.2,6,2.00,73,6,4,38,19.9,42,26.0,2.0,64.3,572,2021-01-24,2021,01,24,兵庫県,西脇市総合市民センター,埼玉アザレア,兵庫デルフィーノ,工藤晴康,,3,0,3,Win,66,79,38,10,48.1,12.67,14,7,4,50.0,1,0.33,51,2,8,18,8.8,67,25.0,10.0,44.8
76,43,6,56.6,14.33,16,10,3,62.5,11,3.67,73,0,16,21,1.7,40,7.0,21.0,43.8,575,2021-02-06,2021,02,06,神奈川県,川崎市スポーツ・文化総合センター,富士通カワサキレッドスピリッツ,つくばユナイテッドSunGAIA,山本道彦,廣本遥,3,0,3,Win,70,76,23,6,30.3,7.67,15,5,1,33.3,3,1.00,51,0,11,12,0.5,57,14.0,22.0,43.9
76,23,6,30.3,7.67,15,5,1,33.3,3,1.00,51,0,11,12,0.5,57,14.0,22.0,43.9,575,2021-02-06,2021,02,06,神奈川県,川崎市スポーツ・文化総合センター,つくばユナイテッドSunGAIA,富士通カワサキレッドスピリッツ,五十嵐元,,0,3,3,Lose,70,76,43,6,56.6,14.33,16,10,3,62.5,11,3.67,73,0,16,21,1.7,40,7.0,21.0,43.8
121,54,9,44.6,13.50,13,8,1,61.5,8,2.00,95,9,10,21,12.4,73,32.0,27.0,62.3,578,2021-02-07,2021,02,07,神奈川県,川崎市スポーツ・文化総合センター,埼玉アザレア,長野GaRons,工藤晴康,,3,1,4,Win,94,110,55,10,50.0,13.75,15,9,3,60.0,8,2.00,86,2,11,14,3.2,82,27.0,31.0,51.8
110,55,10,50.0,13.75,15,9,3,60.0,8,2.00,86,2,11,14,3.2,82,27.0,31.0,51.8,578,2021-02-07,2021,02,07,神奈川県,川崎市スポーツ・文化総合センター,長野GaRons,埼玉アザレア,篠崎寛,,1,3,4,Lose,94,121,54,9,44.6,13.50,13,8,1,61.5,8,2.00,95,9,10,21,12.4,73,32.0,27.0,62.3
63,30,6,47.6,10.00,10,2,3,20.0,11,3.67,73,5,13,20,9.2,37,11.0,12.0,45.9,579,2021-02-07,2021,02,07,神奈川県,川崎市スポーツ・文化総合センター,富士通カワサキレッドスピリッツ,ヴォレアス北海道,山本道彦,廣本遥,3,0,3,Win,80,70,25,9,35.7,8.33,12,4,3,33.3,6,2.00,58,3,20,12,1.7,60,17.0,19.0,44.2
70,25,9,35.7,8.33,12,4,3,33.3,6,2.00,58,3,20,12,1.7,60,17.0,19.0,44.2,579,2021-02-07,2021,02,07,神奈川県,川崎市スポーツ・文化総合センター,ヴォレアス北海道,富士通カワサキレッドスピリッツ,ｴﾄﾞｸﾗｲﾝ,中田桂太郎,0,3,3,Lose,80,63,30,6,47.6,10.00,10,2,3,20.0,11,3.67,73,5,13,20,9.2,37,11.0,12.0,45.9
80,40,5,50.0,13.33,12,5,0,41.7,6,2.00,73,4,13,14,5.8,48,22.0,13.0,59.4,577,2021-02-06,2021,02,06,三重県,AGF鈴鹿体育館,ヴィアティン三重,兵庫デルフィーノ,亀田吉彦,田中一彰,3,0,3,Win,64,78,35,9,44.9,11.67,12,7,2,58.3,4,1.33,59,0,11,13,0.8,57,29.0,13.0,62.3
78,35,9,44.9,11.67,12,7,2,58.3,4,1.33,59,0,11,13,0.8,57,29.0,13.0,62.3,577,2021-02-06,2021,02,06,三重県,AGF鈴鹿体育館,兵庫デルフィーノ,ヴィアティン三重,岩本正吾,奥田晃,0,3,3,Lose,64,80,40,5,50.0,13.33,12,5,0,41.7,6,2.00,73,4,13,14,5.8,48,22.0,13.0,59.4
97,48,9,49.5,16.00,15,8,5,53.3,7,2.33,74,4,9,20,9.1,43,36.0,5.0,89.5,580,2021-02-07,2021,02,07,三重県,AGF鈴鹿体育館,大同特殊鋼レッドスター,兵庫デルフィーノ,平野晃多,,3,0,3,Win,64,91,28,11,30.8,9.33,15,4,2,26.7,1,0.33,48,0,5,2,-1.6,64,21.0,20.0,48.4
91,28,11,30.8,9.33,15,4,2,26.7,1,0.33,48,0,5,2,-1.6,64,21.0,20.0,48.4,580,2021-02-07,2021,02,07,三重県,AGF鈴鹿体育館,兵庫デルフィーノ,大同特殊鋼レッドスター,岩本正吾,白川佑樹,0,3,3,Lose,64,97,48,9,49.5,16.00,15,8,5,53.3,7,2.33,74,4,9,20,9.1,43,36.0,5.0,89.5
125,60,9,48.0,15.00,16,5,2,31.2,10,2.50,92,4,9,16,6.2,82,32.0,25.0,54.3,581,2021-02-13,2021,02,13,埼玉県,熊谷市立市民体育館,埼玉アザレア,ヴィアティン三重,工藤晴康,岩川泰巳,3,1,4,Win,99,133,58,8,43.6,14.50,20,10,4,50.0,5,1.25,88,2,6,23,7.1,81,49.0,14.0,69.1
133,58,8,43.6,14.50,20,10,4,50.0,5,1.25,88,2,6,23,7.1,81,49.0,14.0,69.1,581,2021-02-13,2021,02,13,埼玉県,熊谷市立市民体育館,ヴィアティン三重,埼玉アザレア,亀田吉彦,,1,3,4,Lose,99,125,60,9,48.0,15.00,16,5,2,31.2,10,2.50,92,4,9,16,6.2,82,32.0,25.0,54.3
159,59,15,37.1,14.75,29,8,7,27.6,10,2.50,91,4,18,23,5.8,93,42.0,27.0,59.7,584,2021-02-13,2021,02,13,長野県,須坂市市民体育館,長野GaRons,つくばユナイテッドSunGAIA,篠崎寛,,1,3,4,Lose,100,136,52,7,38.2,13.00,20,3,1,15.0,10,2.50,99,1,6,24,5.6,72,33.0,16.0,56.9
136,52,7,38.2,13.00,20,3,1,15.0,10,2.50,99,1,6,24,5.6,72,33.0,16.0,56.9,584,2021-02-13,2021,02,13,長野県,須坂市市民体育館,つくばユナイテッドSunGAIA,長野GaRons,五十嵐元,,3,1,4,Win,100,159,59,15,37.1,14.75,29,8,7,27.6,10,2.50,91,4,18,23,5.8,93,42.0,27.0,59.7
69,37,3,53.6,12.33,12,5,0,41.7,8,2.67,74,5,12,24,10.8,32,21.0,8.0,78.1,585,2021-02-13,2021,02,13,長野県,須坂市市民体育館,富士通カワサキレッドスピリッツ,兵庫デルフィーノ,山本道彦,廣本遥,3,0,3,Win,62,70,21,12,30.0,7.00,14,3,4,21.4,4,1.33,42,1,9,3,-1.2,59,16.0,17.0,41.5
70,21,12,30.0,7.00,14,3,4,21.4,4,1.33,42,1,9,3,-1.2,59,16.0,17.0,41.5,585,2021-02-13,2021,02,13,長野県,須坂市市民体育館,兵庫デルフィーノ,富士通カワサキレッドスピリッツ,岩本正吾,白川佑樹,0,3,3,Lose,62,69,37,3,53.6,12.33,12,5,0,41.7,8,2.67,74,5,12,24,10.8,32,21.0,8.0,78.1
97,40,10,41.2,13.33,13,6,1,46.2,3,1.00,62,2,13,11,2.4,63,26.0,23.0,59.5,589,2021-02-14,2021,02,14,長野県,須坂市市民体育館,長野GaRons,富士通カワサキレッドスピリッツ,篠崎寛,,0,3,3,Lose,68,84,45,4,53.6,15.00,23,13,1,56.5,4,1.33,74,3,10,12,4.7,48,24.0,12.0,62.5
84,45,4,53.6,15.00,23,13,1,56.5,4,1.33,74,3,10,12,4.7,48,24.0,12.0,62.5,589,2021-02-14,2021,02,14,長野県,須坂市市民体育館,富士通カワサキレッドスピリッツ,長野GaRons,山本道彦,廣本遥,3,0,3,Win,68,97,40,10,41.2,13.33,13,6,1,46.2,3,1.00,62,2,13,11,2.4,63,26.0,23.0,59.5
58,37,3,63.8,12.33,7,3,1,42.9,7,2.33,73,5,8,25,12.7,41,25.0,5.0,67.1,590,2021-02-14,2021,02,14,長野県,須坂市市民体育館,つくばユナイテッドSunGAIA,兵庫デルフィーノ,五十嵐元,西田雄亮,3,0,3,Win,62,74,30,15,40.5,10.00,13,5,3,38.5,3,1.00,52,3,10,11,6.2,65,19.0,21.0,45.4
74,30,15,40.5,10.00,13,5,3,38.5,3,1.00,52,3,10,11,6.2,65,19.0,21.0,45.4,590,2021-02-14,2021,02,14,長野県,須坂市市民体育館,兵庫デルフィーノ,つくばユナイテッドSunGAIA,岩本正吾,白川佑樹,0,3,3,Lose,62,58,37,3,63.8,12.33,7,3,1,42.9,7,2.33,73,5,8,25,12.7,41,25.0,5.0,67.1
71,38,3,53.5,12.67,19,7,2,36.8,6,2.00,74,4,17,23,7.4,47,26.0,6.0,61.7,591,2021-02-20,2021,02,20,北海道,北ガスアリーナ札幌46,ヴォレアス北海道,つくばユナイテッドSunGAIA,ｴﾄﾞｸﾗｲﾝ,中田桂太郎,3,0,3,Win,77,74,28,11,37.8,9.33,21,8,4,38.1,6,2.00,60,2,12,15,4.6,56,25.0,9.0,52.7
74,28,11,37.8,9.33,21,8,4,38.1,6,2.00,60,2,12,15,4.6,56,25.0,9.0,52.7,591,2021-02-20,2021,02,20,北海道,北ガスアリーナ札幌46,つくばユナイテッドSunGAIA,ヴォレアス北海道,五十嵐元,,0,3,3,Lose,77,71,38,3,53.5,12.67,19,7,2,36.8,6,2.00,74,4,17,23,7.4,47,26.0,6.0,61.7
76,45,3,59.2,15.00,10,6,0,60.0,10,3.33,73,4,14,19,7.2,42,15.0,16.0,54.8,592,2021-02-20,2021,02,20,北海道,北ガスアリーナ札幌46,サフィルヴァ北海道,兵庫デルフィーノ,上杉徹,小林準,3,0,3,Win,64,78,28,3,35.9,9.33,11,3,2,27.3,5,1.67,53,1,11,10,1.4,57,17.0,19.0,46.5
78,28,3,35.9,9.33,11,3,2,27.3,5,1.67,53,1,11,10,1.4,57,17.0,19.0,46.5,592,2021-02-20,2021,02,20,北海道,北ガスアリーナ札幌46,兵庫デルフィーノ,サフィルヴァ北海道,岩本正吾,奥田晃,0,3,3,Lose,64,76,45,3,59.2,15.00,10,6,0,60.0,10,3.33,73,4,14,19,7.2,42,15.0,16.0,54.8
76,37,6,48.7,12.33,12,4,2,33.3,14,4.67,74,3,12,19,6.4,48,28.0,7.0,65.6,595,2021-02-21,2021,02,21,北海道,北ガスアリーナ札幌46,ヴォレアス北海道,兵庫デルフィーノ,ｴﾄﾞｸﾗｲﾝ,中田桂太郎,3,0,3,Win,71,91,30,11,33.0,10.00,13,4,4,30.8,3,1.00,55,1,6,13,5.0,61,27.0,15.0,56.6
91,30,11,33.0,10.00,13,4,4,30.8,3,1.00,55,1,6,13,5.0,61,27.0,15.0,56.6,595,2021-02-21,2021,02,21,北海道,北ガスアリーナ札幌46,兵庫デルフィーノ,ヴォレアス北海道,岩本正吾,奥田晃,0,3,3,Lose,71,76,37,6,48.7,12.33,12,4,2,33.3,14,4.67,74,3,12,19,6.4,48,28.0,7.0,65.6
119,58,8,48.7,14.50,19,10,4,52.6,11,2.75,89,3,16,18,3.9,76,22.0,21.0,42.8,596,2021-02-21,2021,02,21,北海道,北ガスアリーナ札幌46,サフィルヴァ北海道,つくばユナイテッドSunGAIA,上杉徹,小林準,3,1,4,Win,91,119,46,8,38.7,11.50,20,10,2,50.0,9,2.25,87,5,10,30,11.5,72,29.0,23.0,56.2
119,46,8,38.7,11.50,20,10,2,50.0,9,2.25,87,5,10,30,11.5,72,29.0,23.0,56.2,596,2021-02-21,2021,02,21,北海道,北ガスアリーナ札幌46,つくばユナイテッドSunGAIA,サフィルヴァ北海道,五十嵐元,,1,3,4,Lose,91,119,58,8,48.7,14.50,19,10,4,52.6,11,2.75,89,3,16,18,3.9,76,22.0,21.0,42.8
147,71,15,48.3,14.20,16,9,1,56.2,15,3.00,112,3,16,20,3.6,95,60.0,21.0,74.2,593,2021-02-20,2021,02,20,愛知県,メディアス体育館ちた,大同特殊鋼レッドスター,長野GaRons,平野晃多,,2,3,5,Lose,102,147,67,10,45.6,13.40,18,8,5,44.4,6,1.20,108,4,11,12,3.9,94,58.0,15.0,69.7
147,67,10,45.6,13.40,18,8,5,44.4,6,1.20,108,4,11,12,3.9,94,58.0,15.0,69.7,593,2021-02-20,2021,02,20,愛知県,メディアス体育館ちた,長野GaRons,大同特殊鋼レッドスター,篠崎寛,,3,2,5,Win,102,147,71,15,48.3,14.20,16,9,1,56.2,15,3.00,112,3,16,20,3.6,95,60.0,21.0,74.2
138,63,10,45.7,12.60,17,9,2,52.9,10,2.00,113,2,11,22,4.2,90,60.0,22.0,78.9,597,2021-02-21,2021,02,21,愛知県,メディアス体育館ちた,大同特殊鋼レッドスター,長野GaRons,平野晃多,,3,2,5,Win,106,155,73,14,47.1,14.60,17,7,3,41.2,10,2.00,111,2,20,7,-1.1,101,52.0,26.0,64.4
155,73,14,47.1,14.60,17,7,3,41.2,10,2.00,111,2,20,7,-1.1,101,52.0,26.0,64.4,597,2021-02-21,2021,02,21,愛知県,メディアス体育館ちた,長野GaRons,大同特殊鋼レッドスター,篠崎寛,,2,3,5,Lose,106,138,63,10,45.7,12.60,17,9,2,52.9,10,2.00,113,2,11,22,4.2,90,60.0,22.0,78.9
91,39,12,42.9,13.00,11,7,2,63.6,5,1.67,65,3,6,10,6.2,64,36.0,12.0,65.6,600,2021-02-27,2021,02,27,三重県,津市久居総合体育館,ヴィアティン三重,富士通カワサキレッドスピリッツ,亀田吉彦,田中一彰,0,3,3,Lose,75,91,51,6,56.0,17.00,14,8,3,57.1,7,2.33,77,2,11,16,4.2,59,32.0,14.0,66.1
91,51,6,56.0,17.00,14,8,3,57.1,7,2.33,77,2,11,16,4.2,59,32.0,14.0,66.1,600,2021-02-27,2021,02,27,三重県,津市久居総合体育館,富士通カワサキレッドスピリッツ,ヴィアティン三重,山本道彦,廣本遥,3,0,3,Win,75,91,39,12,42.9,13.00,11,7,2,63.6,5,1.67,65,3,6,10,6.2,64,36.0,12.0,65.6
106,53,6,50.0,17.67,13,5,1,38.5,8,2.67,81,0,8,18,3.1,62,26.0,16.0,54.8,603,2021-02-27,2021,02,27,三重県,津市久居総合体育館,埼玉アザレア,大同特殊鋼レッドスター,工藤晴康,切山雄樹,3,0,3,Win,79,121,51,8,42.1,17.00,19,7,4,36.8,5,1.67,75,1,13,19,3.3,73,33.0,22.0,60.3
121,51,8,42.1,17.00,19,7,4,36.8,5,1.67,75,1,13,19,3.3,73,33.0,22.0,60.3,603,2021-02-27,2021,02,27,三重県,津市久居総合体育館,大同特殊鋼レッドスター,埼玉アザレア,平野晃多,,0,3,3,Lose,79,106,53,6,50.0,17.67,13,5,1,38.5,8,2.67,81,0,8,18,3.1,62,26.0,16.0,54.8
152,65,12,42.8,13.00,21,9,3,42.9,9,1.80,108,8,16,42,13.4,97,30.0,38.0,50.5,602,2021-02-28,2021,02,28,兵庫県,西脇市総合市民センター,兵庫デルフィーノ,長野GaRons,岩本正吾,長谷川匡,2,3,5,Lose,115,148,71,7,48.0,14.20,14,8,1,57.1,7,1.40,112,2,15,30,5.1,86,18.0,26.0,36.0
148,71,7,48.0,14.20,14,8,1,57.1,7,1.40,112,2,15,30,5.1,86,18.0,26.0,36.0,602,2021-02-28,2021,02,28,兵庫県,西脇市総合市民センター,長野GaRons,兵庫デルフィーノ,篠崎寛,,3,2,5,Win,115,152,65,12,42.8,13.00,21,9,3,42.9,9,1.80,108,8,16,42,13.4,97,30.0,38.0,50.5
46,28,2,60.9,9.33,13,7,1,53.8,10,3.33,74,9,14,17,13.2,31,12.0,9.0,53.2,605,2021-02-27,2021,02,27,兵庫県,西脇市総合市民センター,ヴォレアス北海道,長野GaRons,ｴﾄﾞｸﾗｲﾝ,中田桂太郎,3,0,3,Win,56,73,17,18,23.3,5.67,8,3,3,37.5,1,0.33,39,2,8,10,6.4,56,25.0,14.0,57.1
73,17,18,23.3,5.67,8,3,3,37.5,1,0.33,39,2,8,10,6.4,56,25.0,14.0,57.1,605,2021-02-27,2021,02,27,兵庫県,西脇市総合市民センター,長野GaRons,ヴォレアス北海道,篠崎寛,,0,3,3,Lose,56,46,28,2,60.9,9.33,13,7,1,53.8,10,3.33,74,9,14,17,13.2,31,12.0,9.0,53.2
115,61,11,53.0,15.25,26,12,3,46.2,11,2.75,110,5,18,24,5.9,71,31.0,20.0,57.7,607,2021-03-06,2021,03,06,北海道,旭川市リアルター夢りんご体育館,富士通カワサキレッドスピリッツ,サフィルヴァ北海道,山本道彦,廣本遥,3,1,4,Win,104,114,48,11,42.1,12.00,24,7,4,29.2,10,2.50,92,3,19,20,3.5,90,40.0,26.0,58.9
114,48,11,42.1,12.00,24,7,4,29.2,10,2.50,92,3,19,20,3.5,90,40.0,26.0,58.9,607,2021-03-06,2021,03,06,北海道,旭川市リアルター夢りんご体育館,サフィルヴァ北海道,富士通カワサキレッドスピリッツ,上杉徹,小林準,1,3,4,Lose,104,115,61,11,53.0,15.25,26,12,3,46.2,11,2.75,110,5,18,24,5.9,71,31.0,20.0,57.7
93,43,8,46.2,14.33,23,10,4,43.5,13,4.33,75,3,15,21,6.0,58,37.0,14.0,75.9,608,2021-03-06,2021,03,06,北海道,旭川市リアルター夢りんご体育館,ヴォレアス北海道,埼玉アザレア,ｴﾄﾞｸﾗｲﾝ,中田桂太郎,3,0,3,Win,84,85,29,9,34.1,9.67,12,4,3,33.3,7,2.33,63,1,5,7,2.4,59,30.0,8.0,57.6
85,29,9,34.1,9.67,12,4,3,33.3,7,2.33,63,1,5,7,2.4,59,30.0,8.0,57.6,608,2021-03-06,2021,03,06,北海道,旭川市リアルター夢りんご体育館,埼玉アザレア,ヴォレアス北海道,工藤晴康,,0,3,3,Lose,84,93,43,8,46.2,14.33,23,10,4,43.5,13,4.33,75,3,15,21,6.0,58,37.0,14.0,75.9
115,47,4,40.9,15.67,17,7,1,41.2,6,2.00,83,4,4,17,8.7,60,28.0,15.0,59.2,609,2021-03-07,2021,03,07,北海道,旭川市リアルター夢りんご体育館,埼玉アザレア,サフィルヴァ北海道,工藤晴康,,3,0,3,Win,84,126,54,9,42.9,18.00,26,15,3,57.7,11,3.67,77,2,17,17,2.6,78,32.0,29.0,59.6
126,54,9,42.9,18.00,26,15,3,57.7,11,3.67,77,2,17,17,2.6,78,32.0,29.0,59.6,609,2021-03-07,2021,03,07,北海道,旭川市リアルター夢りんご体育館,サフィルヴァ北海道,埼玉アザレア,上杉徹,小林準,0,3,3,Lose,84,115,47,4,40.9,15.67,17,7,1,41.2,6,2.00,83,4,4,17,8.7,60,28.0,15.0,59.2
99,45,8,45.5,15.00,13,6,0,46.2,6,2.00,72,1,16,20,2.8,67,32.0,15.0,59.0,610,2021-03-07,2021,03,07,北海道,旭川市リアルター夢りんご体育館,ヴォレアス北海道,富士通カワサキレッドスピリッツ,ｴﾄﾞｸﾗｲﾝ,中田桂太郎,0,3,3,Lose,86,91,47,5,51.6,15.67,13,8,2,61.5,6,2.00,79,0,12,20,2.5,56,22.0,14.0,51.8
91,47,5,51.6,15.67,13,8,2,61.5,6,2.00,79,0,12,20,2.5,56,22.0,14.0,51.8,610,2021-03-07,2021,03,07,北海道,旭川市リアルター夢りんご体育館,富士通カワサキレッドスピリッツ,ヴォレアス北海道,山本道彦,廣本遥,3,0,3,Win,86,99,45,8,45.5,15.00,13,6,0,46.2,6,2.00,72,1,16,20,2.8,67,32.0,15.0,59.0
112,51,6,45.5,17.00,17,6,1,35.3,6,2.00,86,1,14,23,3.8,55,31.0,10.0,65.5,563,2021-02-07,2021,02,07,三重県,AGF鈴鹿体育館,ヴィアティン三重,サフィルヴァ北海道,亀田吉彦,田中一彰,3,0,3,Win,86,103,40,11,38.8,13.33,18,5,3,27.8,10,3.33,74,1,19,13,-0.7,71,25.0,23.0,51.4
103,40,11,38.8,13.33,18,5,3,27.8,10,3.33,74,1,19,13,-0.7,71,25.0,23.0,51.4,563,2021-02-07,2021,02,07,三重県,AGF鈴鹿体育館,サフィルヴァ北海道,ヴィアティン三重,上杉徹,小林準,0,3,3,Lose,86,112,51,6,45.5,17.00,17,6,1,35.3,6,2.00,86,1,14,23,3.8,55,31.0,10.0,65.5
76,37,8,48.7,12.33,6,1,3,16.7,3,1.00,74,6,9,18,11.1,39,19.0,11.0,62.8,564,2021-02-06,2021,02,06,三重県,AGF鈴鹿体育館,大同特殊鋼レッドスター,サフィルヴァ北海道,平野晃多,,3,0,3,Win,63,73,32,8,43.8,10.67,7,3,1,42.9,6,2.00,59,2,19,8,-1.3,63,27.0,14.0,54.0
73,32,8,43.8,10.67,7,3,1,42.9,6,2.00,59,2,19,8,-1.3,63,27.0,14.0,54.0,564,2021-02-06,2021,02,06,三重県,AGF鈴鹿体育館,サフィルヴァ北海道,大同特殊鋼レッドスター,上杉徹,小林準,0,3,3,Lose,63,76,37,8,48.7,12.33,6,1,3,16.7,3,1.00,74,6,9,18,11.1,39,19.0,11.0,62.8
